semester_id,unit_id,student_id,enrolled_date,result
HE Jan 2020,INF10008,33,12/24/2019,70
HE Jan 2020,INF10002,27,12/28/2019,13
HE Jan 2020,INF10009,29,12/28/2019,40
HE Jan 2020,INF10008,19,12/26/2019,39
HE Jan 2020,INF10005,9,12/28/2019,62
HE Jan 2020,INF10006,30,12/28/2019,45
HE Jan 2020,INF10007,2,12/31/2019,57
HE Jan 2020,INF10007,27,12/23/2019,82
HE Jan 2020,INF10007,6,12/21/2019,28
HE Jan 2020,INF10006,21,12/31/2019,70
HE Jan 2020,INF10003,27,12/27/2019,24
HE Jan 2020,MKT30001,33,12/20/2019,98
HE Jan 2020,INF10009,13,12/31/2019,4
HE Jan 2020,MKT30002,12,1/1/2020,47
HE Jan 2020,MKT30000,24,1/1/2020,8
HE Jan 2020,INF10009,4,12/29/2019,60
HE Jan 2020,INF10004,22,12/20/2019,99
HE Jan 2020,INF10002,28,12/27/2019,96
HE Jan 2020,INF10006,23,12/31/2019,15
HE Jan 2020,INF10007,12,12/24/2019,71
HE Jan 2020,INF10001,12,1/1/2020,57
HE Jan 2020,INF10004,30,12/27/2019,82
HE Jan 2020,INF10006,32,12/31/2019,82
HE Jan 2020,INF10005,18,12/24/2019,79
HE Jan 2020,INF10008,11,12/28/2019,23
HE Jan 2020,INF10006,12,12/24/2019,98
HE Jan 2020,INF10009,14,12/24/2019,57
HE Jan 2020,MKT30001,35,12/21/2019,96
HE Jan 2020,MKT30001,4,12/29/2019,26
HE Jan 2020,INF10003,8,12/30/2019,47
HE Jan 2020,INF10001,16,12/20/2019,56
HE Jan 2020,MKT30000,29,12/21/2019,80
HE Jan 2020,INF10006,16,12/24/2019,36
HE Jan 2020,MKT30002,26,12/21/2019,78
HE Jan 2020,MKT30001,31,1/1/2020,44
HE Jan 2020,INF10006,7,12/21/2019,4
HE Jan 2020,MKT30000,6,12/22/2019,45
HE Jan 2020,INF10009,19,12/26/2019,44
HE Jan 2020,MKT30001,18,12/24/2019,8
HE Jan 2020,MKT30001,9,12/22/2019,84
HE Jan 2020,MKT30002,3,12/30/2019,76
HE Jan 2020,INF10006,5,12/31/2019,78
HE Jan 2020,MKT30001,22,12/25/2019,41
HE Jan 2020,INF10008,34,12/25/2019,36
HE Jan 2020,MKT30002,21,12/30/2019,64
HE Jan 2020,MKT30001,17,12/27/2019,21
HE Jan 2020,INF10004,34,12/29/2019,1
HE Jan 2020,INF10006,4,12/25/2019,4
HE Jan 2020,MKT30000,13,12/29/2019,59
HE Jan 2020,INF10003,3,12/29/2019,95
HE Jan 2020,MKT30001,13,12/28/2019,82
HE Jan 2020,INF10007,28,12/26/2019,66
HE Jan 2020,INF10002,34,12/29/2019,24
HE Jan 2020,INF10006,28,12/29/2019,60
HE Jan 2020,MKT30000,19,12/24/2019,82
HE Jan 2020,INF10005,12,12/31/2019,12
HE Jan 2020,MKT30001,8,12/29/2019,36
HE Jan 2020,INF10006,11,12/20/2019,93
HE Jan 2020,MKT30002,2,12/28/2019,87
HE Jan 2020,INF10004,20,12/25/2019,83
HE Jan 2020,INF10008,15,12/25/2019,98
HE Jan 2020,INF10007,15,12/26/2019,16
HE Jan 2020,MKT30001,25,12/21/2019,66
HE Jan 2020,INF10008,24,12/20/2019,68
HE Jan 2020,INF10005,17,12/22/2019,81
HE Jan 2020,MKT30001,3,12/24/2019,15
HE Jan 2020,INF10003,35,12/26/2019,76
HE Jan 2020,INF10004,21,12/20/2019,18
HE Jan 2020,MKT30002,8,12/30/2019,81
HE Jan 2020,MKT30002,34,12/30/2019,24
HE Jan 2020,MKT30001,32,12/29/2019,38
HE Jan 2020,MKT30002,9,1/1/2020,76
HE Jan 2020,INF10001,24,12/26/2019,19
HE Jan 2020,MKT30000,14,12/24/2019,56
HE Jan 2020,INF10002,33,12/25/2019,68
HE Jan 2020,INF10007,10,12/31/2019,26
HE Jan 2020,INF10009,30,12/20/2019,50
HE Jan 2020,MKT30000,30,12/28/2019,6
HE Jan 2020,MKT30001,30,12/20/2019,28
HE Jan 2020,INF10003,18,1/1/2020,5
HE Jan 2020,MKT30000,28,12/26/2019,85
HE Jan 2020,INF10002,10,12/24/2019,57
HE Jan 2020,MKT30002,6,12/26/2019,41
HE Jan 2020,MKT30001,1,12/21/2019,9
HE Jan 2020,INF10002,31,1/1/2020,31
HE Jan 2020,INF10003,5,12/23/2019,36
HE Jan 2020,INF10008,31,12/25/2019,63
HE Jan 2020,INF10008,13,12/30/2019,70
HE Jan 2020,INF10006,17,12/25/2019,73
HE Jan 2020,INF10008,20,12/24/2019,4
HE Jan 2020,INF10005,3,12/24/2019,81
HE Jan 2020,INF10009,6,12/28/2019,36
HE Jan 2020,INF10009,23,12/27/2019,22
HE Jan 2020,INF10005,25,12/30/2019,99
HE Jan 2020,INF10007,8,12/29/2019,4
HE Jan 2020,INF10003,7,12/25/2019,58
HE Jan 2020,INF10008,21,12/25/2019,17
HE Jan 2020,INF10008,14,12/21/2019,81
HE Jan 2020,INF10003,14,12/25/2019,94
HE Jan 2020,INF10005,16,12/24/2019,15
HE Jan 2020,INF10001,20,12/30/2019,35
HE Jan 2020,MKT30002,33,12/20/2019,99
HE Jan 2020,MKT30001,28,12/21/2019,11
HE Jan 2020,MKT30001,21,12/30/2019,77
HE Jan 2020,INF10006,10,12/28/2019,40
HE Jan 2020,INF10008,4,12/22/2019,2
HE Jan 2020,INF10002,26,12/28/2019,61
HE Jan 2020,MKT30000,5,12/22/2019,36
HE Jan 2020,INF10005,19,12/24/2019,56
HE Jan 2020,INF10005,29,12/28/2019,30
HE Jan 2020,INF10006,15,12/28/2019,76
HE Jan 2020,MKT30002,28,12/24/2019,75
HE Jan 2020,MKT30002,10,12/22/2019,43
HE Jan 2020,MKT30002,1,12/21/2019,44
HE Jan 2020,INF10007,18,12/29/2019,85
HE Jan 2020,INF10007,16,12/21/2019,18
HE Jan 2020,INF10004,7,12/28/2019,50
HE Jan 2020,INF10003,26,12/26/2019,78
HE Jan 2020,INF10009,20,12/23/2019,39
HE Jan 2020,INF10007,4,12/31/2019,37
HE Jan 2020,INF10002,16,12/23/2019,83
HE Jan 2020,INF10006,27,12/28/2019,90
HE Jan 2020,INF10001,23,12/25/2019,57
HE Jan 2020,INF10005,22,1/1/2020,5
HE Jan 2020,INF10007,23,12/28/2019,40
HE Jan 2020,INF10004,6,12/30/2019,86
HE Jan 2020,MKT30001,11,12/21/2019,85
HE Jan 2020,INF10004,5,12/23/2019,88
HE Jan 2020,MKT30000,3,12/24/2019,16
HE Jan 2020,INF10009,12,12/27/2019,83
HE Jan 2020,MKT30002,27,12/22/2019,70
HE Jan 2020,MKT30000,20,12/26/2019,48
HE Jan 2020,INF10002,11,12/21/2019,41
HE Jan 2020,INF10004,28,12/29/2019,61
HE Jan 2020,MKT30002,20,12/24/2019,4
HE Jan 2020,INF10005,8,12/24/2019,76
HE Jan 2020,INF10006,1,12/22/2019,97
HE Jan 2020,INF10005,11,12/20/2019,15
HE Jan 2020,INF10002,32,12/22/2019,88
HE Jan 2020,INF10004,33,12/29/2019,2
HE Jan 2020,INF10004,10,12/26/2019,86
HE Jan 2020,MKT30000,27,12/22/2019,60
HE Jan 2020,INF10007,35,12/29/2019,78
HE Jan 2020,INF10001,1,1/1/2020,82
HE Jan 2020,INF10005,7,12/25/2019,29
HE Jan 2020,INF10005,13,12/21/2019,3
HE Jan 2020,INF10008,23,12/27/2019,42
HE Jan 2020,INF10002,17,12/29/2019,17
HE Jan 2020,INF10005,2,12/22/2019,27
HE Jan 2020,MKT30000,26,12/22/2019,26
HE Jan 2020,MKT30001,24,12/29/2019,94
HE Jan 2020,INF10001,27,12/28/2019,16
HE Jan 2020,INF10005,20,12/28/2019,49
HE Jan 2020,INF10004,14,12/28/2019,22
HE Jan 2020,MKT30001,7,12/27/2019,77
HE Jan 2020,INF10002,2,12/31/2019,38
HE Jan 2020,INF10009,26,1/1/2020,70
HE Jan 2020,INF10004,11,12/20/2019,42
HE Jan 2020,INF10006,35,12/31/2019,97
HE Jan 2020,INF10003,22,12/30/2019,36
HE Jan 2020,INF10007,26,12/22/2019,38
HE Jan 2020,INF10002,5,12/28/2019,87
HE Jan 2020,MKT30000,16,12/24/2019,63
HE Jan 2020,MKT30000,7,12/20/2019,39
HE Jan 2021,INF10007,2,12/26/2020,46
HE Jan 2021,INF10006,25,12/24/2020,92
HE Jan 2021,MKT30000,28,12/23/2020,56
HE Jan 2021,MKT30002,15,12/25/2020,3
HE Jan 2021,INF10001,17,12/29/2020,95
HE Jan 2021,INF10008,11,1/1/2021,34
HE Jan 2021,INF10007,24,12/20/2020,30
HE Jan 2021,MKT30002,1,12/25/2020,95
HE Jan 2021,INF10004,20,12/25/2020,87
HE Jan 2021,INF10003,20,12/20/2020,92
HE Jan 2021,MKT30002,6,1/1/2021,99
HE Jan 2021,INF10003,11,12/28/2020,68
HE Jan 2021,INF10008,3,12/26/2020,81
HE Jan 2021,INF10001,11,12/20/2020,12
HE Jan 2021,MKT30002,16,12/29/2020,67
HE Jan 2021,INF10005,27,12/20/2020,76
HE Jan 2021,INF10003,28,12/29/2020,72
HE Jan 2021,INF10004,4,12/25/2020,59
HE Jan 2021,INF10006,6,12/26/2020,26
HE Jan 2021,INF10008,30,12/27/2020,7
HE Jan 2021,MKT30000,22,12/25/2020,72
HE Jan 2021,INF10006,31,12/31/2020,48
HE Jan 2021,MKT30001,18,12/24/2020,21
HE Jan 2021,INF10005,31,12/20/2020,46
HE Jan 2021,MKT30000,19,12/21/2020,66
HE Jan 2021,INF10009,3,12/21/2020,73
HE Jan 2021,INF10001,27,12/26/2020,53
HE Jan 2021,INF10009,18,12/31/2020,71
HE Jan 2021,MKT30001,8,12/31/2020,30
HE Jan 2021,MKT30002,19,12/31/2020,37
HE Jan 2021,MKT30001,33,12/29/2020,54
HE Jan 2021,MKT30001,20,12/29/2020,25
HE Jan 2021,INF10005,35,12/27/2020,50
HE Jan 2021,INF10002,28,12/22/2020,41
HE Jan 2021,INF10009,19,12/20/2020,69
HE Jan 2021,INF10008,20,12/31/2020,4
HE Jan 2021,MKT30001,21,12/21/2020,57
HE Jan 2021,MKT30000,16,12/23/2020,20
HE Jan 2021,INF10001,34,12/21/2020,46
HE Jan 2021,MKT30000,32,12/23/2020,67
HE Jan 2021,MKT30002,34,12/27/2020,73
HE Jan 2021,INF10005,26,12/23/2020,15
HE Jan 2021,INF10007,10,12/27/2020,51
HE Jan 2021,INF10001,2,12/23/2020,97
HE Jan 2021,MKT30000,14,12/22/2020,18
HE Jan 2021,INF10002,34,1/1/2021,88
HE Jan 2021,INF10007,16,12/26/2020,59
HE Jan 2021,INF10001,3,12/25/2020,54
HE Jan 2021,MKT30001,24,12/25/2020,80
HE Jan 2021,INF10004,8,12/31/2020,91
HE Jan 2021,MKT30000,18,12/24/2020,87
HE Jan 2021,MKT30001,25,12/25/2020,12
HE Jan 2021,INF10003,10,12/24/2020,77
HE Jan 2021,INF10005,9,12/31/2020,63
HE Jan 2021,MKT30000,11,12/27/2020,68
HE Jan 2021,INF10004,14,12/23/2020,47
HE Jan 2021,MKT30001,7,12/29/2020,28
HE Jan 2021,INF10007,29,12/29/2020,5
HE Jan 2021,INF10003,35,12/20/2020,84
HE Jan 2021,INF10001,8,12/30/2020,80
HE Jan 2021,INF10004,16,12/23/2020,80
HE Jan 2021,MKT30002,23,12/27/2020,60
HE Jan 2021,INF10004,35,12/31/2020,72
HE Jan 2021,INF10009,9,12/21/2020,19
HE Jan 2021,INF10009,27,12/24/2020,51
HE Jan 2021,INF10001,14,12/23/2020,2
HE Jan 2021,INF10001,29,12/30/2020,5
HE Jan 2021,INF10001,21,12/28/2020,68
HE Jan 2021,INF10008,26,12/28/2020,38
HE Jan 2021,INF10006,26,12/20/2020,80
HE Jan 2021,INF10007,5,12/25/2020,33
HE Jan 2021,MKT30001,29,12/30/2020,58
HE Jan 2021,INF10004,21,12/21/2020,9
HE Jan 2021,INF10004,34,12/27/2020,17
HE Jan 2021,INF10006,1,12/22/2020,45
HE Jan 2021,MKT30002,28,12/30/2020,15
HE Jan 2021,INF10003,34,12/28/2020,46
HE Jan 2021,INF10001,24,12/31/2020,13
HE Jan 2021,INF10005,21,12/26/2020,7
HE Jan 2021,INF10003,27,12/24/2020,78
HE Jan 2021,INF10006,5,12/27/2020,67
HE Jan 2021,INF10007,7,12/31/2020,86
HE Jan 2021,INF10006,11,12/27/2020,18
HE Jan 2021,INF10006,20,12/28/2020,6
HE Jan 2021,INF10004,2,12/26/2020,23
HE Jan 2021,MKT30001,4,12/20/2020,35
HE Jan 2021,INF10001,10,12/21/2020,51
HE Jan 2021,INF10002,14,12/24/2020,91
HE Jan 2021,MKT30002,7,12/24/2020,29
HE Jan 2021,INF10008,8,12/25/2020,5
HE Jan 2021,MKT30002,18,12/22/2020,99
HE Jan 2021,INF10009,7,12/25/2020,9
HE Jan 2021,INF10001,15,12/29/2020,96
HE Jan 2021,INF10007,19,12/21/2020,33
HE Jan 2021,MKT30001,13,12/30/2020,18
HE Jan 2021,MKT30000,15,12/31/2020,47
HE Jan 2021,MKT30002,13,12/25/2020,10
HE Jan 2021,INF10003,4,1/1/2021,86
HE Jan 2021,INF10004,29,1/1/2021,56
HE Jan 2021,MKT30001,15,12/25/2020,14
HE Jan 2021,INF10007,1,12/31/2020,23
HE Jan 2021,INF10003,2,12/24/2020,24
HE Jan 2021,INF10005,6,12/21/2020,28
HE Jan 2021,INF10002,1,12/29/2020,53
HE Jan 2021,MKT30000,20,12/29/2020,47
HE Jan 2021,MKT30001,10,12/21/2020,49
HE Jan 2021,INF10002,6,12/22/2020,52
HE Jan 2021,INF10003,31,12/22/2020,15
HE Jan 2021,INF10001,20,1/1/2021,78
HE Jan 2021,INF10008,25,12/31/2020,78
HE Jan 2021,INF10009,24,12/20/2020,78
HE Jan 2021,INF10004,33,12/31/2020,40
HE Jan 2021,INF10005,18,12/21/2020,52
HE Jan 2021,INF10002,23,1/1/2021,27
HE Jan 2021,INF10006,23,12/29/2020,50
HE Jan 2021,INF10001,23,1/1/2021,28
HE Jan 2021,INF10006,21,12/28/2020,4
HE Jan 2021,INF10005,14,12/28/2020,71
HE Jan 2021,INF10009,13,12/22/2020,51
HE Jan 2021,INF10002,17,12/22/2020,51
HE Jan 2021,INF10005,28,12/31/2020,22
HE Jan 2021,INF10006,28,12/28/2020,31
HE Jan 2021,MKT30000,7,1/1/2021,38
HE Jan 2021,MKT30001,19,12/28/2020,50
HE Jan 2021,MKT30000,17,12/21/2020,42
HE Jan 2021,INF10009,28,12/24/2020,80
HE Jan 2021,INF10008,18,12/20/2020,13
HE Jan 2021,INF10001,32,12/26/2020,72
HE Jan 2021,INF10007,12,1/1/2021,73
HE Jan 2021,MKT30002,4,12/25/2020,68
HE Jan 2021,INF10009,22,12/30/2020,85
HE Jan 2021,INF10007,23,12/24/2020,72
HE Jan 2021,INF10009,10,12/29/2020,40
HE Jan 2021,INF10007,25,1/1/2021,44
HE Jan 2021,MKT30002,3,12/27/2020,83
HE Jan 2021,INF10005,4,12/27/2020,8
HE Jan 2021,INF10004,30,12/21/2020,64
HE Jan 2021,INF10004,6,12/26/2020,2
HE Jan 2021,INF10007,30,12/24/2020,42
HE Jan 2021,INF10002,31,12/20/2020,30
HE Jan 2021,INF10005,22,12/27/2020,37
HE Jan 2021,INF10004,13,1/1/2021,87
HE Jan 2021,INF10005,11,12/20/2020,8
HE Jan 2021,MKT30002,5,12/29/2020,39
HE Jan 2021,MKT30000,29,12/25/2020,91
HE Jan 2021,INF10004,9,12/27/2020,83
HE Jan 2021,MKT30000,12,12/25/2020,13
HE Jan 2021,MKT30001,23,12/30/2020,81
HE Jan 2021,INF10004,23,12/30/2020,89
HE Jan 2021,MKT30001,16,12/22/2020,51
HE Jan 2021,INF10003,32,12/24/2020,100
HE Jan 2021,INF10006,29,12/21/2020,94
HE Jan 2021,INF10001,30,12/29/2020,29
HE Jan 2021,INF10009,17,12/27/2020,73
HE Jan 2021,INF10002,9,1/1/2021,49
HE Jan 2021,INF10005,8,12/30/2020,40
HE Jan 2021,INF10001,16,12/28/2020,28
HE Jan 2021,INF10003,24,12/21/2020,52
HE Jan 2021,INF10007,27,12/27/2020,93
HE Jan 2022,MKT30001,2,12/25/2021,91
HE Jan 2022,MKT30001,25,12/27/2021,89
HE Jan 2022,INF10004,11,12/30/2021,4
HE Jan 2022,INF10001,11,12/20/2021,33
HE Jan 2022,MKT30000,9,12/25/2021,44
HE Jan 2022,INF10006,28,12/25/2021,73
HE Jan 2022,MKT30000,35,12/20/2021,3
HE Jan 2022,MKT30001,13,12/28/2021,100
HE Jan 2022,INF10008,7,12/29/2021,81
HE Jan 2022,MKT30001,29,12/22/2021,97
HE Jan 2022,INF10009,31,12/22/2021,90
HE Jan 2022,INF10002,19,1/1/2022,63
HE Jan 2022,INF10001,25,12/22/2021,81
HE Jan 2022,INF10005,32,12/29/2021,64
HE Jan 2022,MKT30002,35,12/25/2021,15
HE Jan 2022,MKT30002,30,12/24/2021,41
HE Jan 2022,INF10005,17,12/23/2021,17
HE Jan 2022,INF10002,27,12/31/2021,91
HE Jan 2022,INF10009,25,12/22/2021,7
HE Jan 2022,INF10002,13,12/30/2021,43
HE Jan 2022,MKT30000,6,12/20/2021,68
HE Jan 2022,INF10002,28,1/1/2022,49
HE Jan 2022,INF10002,3,12/31/2021,29
HE Jan 2022,INF10005,12,12/21/2021,35
HE Jan 2022,INF10008,15,12/31/2021,6
HE Jan 2022,MKT30002,5,12/21/2021,25
HE Jan 2022,MKT30002,13,12/31/2021,35
HE Jan 2022,INF10005,7,12/22/2021,39
HE Jan 2022,INF10002,18,12/26/2021,20
HE Jan 2022,INF10003,2,1/1/2022,97
HE Jan 2022,MKT30001,12,1/1/2022,58
HE Jan 2022,INF10006,26,12/29/2021,62
HE Jan 2022,INF10006,17,1/1/2022,1
HE Jan 2022,MKT30002,9,12/20/2021,77
HE Jan 2022,INF10006,34,12/27/2021,5
HE Jan 2022,MKT30001,19,1/1/2022,78
HE Jan 2022,MKT30001,7,12/21/2021,53
HE Jan 2022,INF10001,7,12/30/2021,75
HE Jan 2022,INF10007,17,12/22/2021,9
HE Jan 2022,MKT30000,3,12/20/2021,22
HE Jan 2022,INF10009,24,12/22/2021,39
HE Jan 2022,MKT30000,8,12/25/2021,38
HE Jan 2022,INF10005,13,12/23/2021,46
HE Jan 2022,MKT30001,15,12/25/2021,54
HE Jan 2022,INF10003,30,12/27/2021,55
HE Jan 2022,INF10009,19,12/29/2021,50
HE Jan 2022,MKT30000,24,12/24/2021,21
HE Jan 2022,INF10006,1,12/21/2021,14
HE Jan 2022,INF10002,5,12/20/2021,77
HE Jan 2022,INF10003,26,12/30/2021,20
HE Jan 2022,INF10004,9,12/26/2021,37
HE Jan 2022,INF10003,27,12/24/2021,16
HE Jan 2022,INF10003,34,12/25/2021,30
HE Jan 2022,INF10004,3,12/29/2021,76
HE Jan 2022,INF10004,30,1/1/2022,68
HE Jan 2022,INF10002,32,12/27/2021,44
HE Jan 2022,INF10008,10,12/23/2021,37
HE Jan 2022,INF10007,24,12/20/2021,90
HE Jan 2022,INF10009,8,1/1/2022,59
HE Jan 2022,MKT30000,21,12/25/2021,85
HE Jan 2022,INF10001,27,12/22/2021,96
HE Jan 2022,INF10003,17,12/22/2021,59
HE Jan 2022,INF10003,20,12/23/2021,30
HE Jan 2022,INF10006,11,12/31/2021,70
HE Jan 2022,INF10004,10,12/22/2021,61
HE Jan 2022,INF10008,35,12/31/2021,25
HE Jan 2022,MKT30000,29,12/23/2021,21
HE Jan 2022,INF10006,35,12/23/2021,27
HE Jan 2022,INF10003,33,12/20/2021,70
HE Jan 2022,INF10003,23,12/29/2021,40
HE Jan 2022,INF10006,15,12/22/2021,33
HE Jan 2022,INF10006,5,12/23/2021,14
HE Jan 2022,INF10008,31,12/25/2021,19
HE Jan 2022,INF10006,25,12/31/2021,48
HE Jan 2022,INF10005,2,12/25/2021,87
HE Jan 2022,INF10003,11,12/27/2021,9
HE Jan 2022,MKT30001,14,12/31/2021,99
HE Jan 2022,MKT30001,26,12/21/2021,57
HE Jan 2022,MKT30002,10,12/23/2021,99
HE Jan 2022,MKT30001,9,12/24/2021,51
HE Jan 2022,INF10005,10,12/30/2021,53
HE Jan 2022,MKT30000,13,12/27/2021,15
HE Jan 2022,INF10006,3,12/23/2021,60
HE Jan 2022,INF10009,18,12/24/2021,12
HE Jan 2022,INF10008,14,12/28/2021,76
HE Jan 2022,MKT30000,27,12/21/2021,67
HE Jan 2022,MKT30000,2,1/1/2022,50
HE Jan 2022,INF10002,12,12/23/2021,43
HE Jan 2022,INF10008,12,12/21/2021,16
HE Jan 2022,INF10008,33,1/1/2022,37
HE Jan 2022,INF10007,4,12/31/2021,90
HE Jan 2022,MKT30000,4,12/20/2021,65
HE Jan 2022,MKT30002,21,12/25/2021,18
HE Jan 2022,MKT30002,7,12/20/2021,27
HE Jan 2022,INF10006,32,12/31/2021,70
HE Jan 2022,INF10006,13,12/29/2021,31
HE Jan 2022,INF10007,35,12/26/2021,71
HE Jan 2022,INF10005,22,1/1/2022,100
HE Jan 2022,INF10006,18,12/24/2021,78
HE Jan 2022,INF10004,23,12/22/2021,34
HE Jan 2022,INF10005,1,12/21/2021,69
HE Jan 2022,INF10007,8,12/22/2021,65
HE Jan 2022,INF10001,15,12/26/2021,91
HE Jan 2022,INF10002,34,12/23/2021,43
HE Jan 2022,INF10006,14,12/20/2021,38
HE Jan 2022,INF10002,15,12/23/2021,1
HE Jan 2022,MKT30002,24,12/23/2021,56
HE Jan 2022,INF10005,34,12/21/2021,93
HE Jan 2022,MKT30001,11,12/26/2021,23
HE Jan 2022,INF10008,28,12/20/2021,22
HE Jan 2022,INF10008,1,12/31/2021,32
HE Jan 2022,INF10003,6,12/30/2021,20
HE Jan 2022,INF10007,15,12/25/2021,89
HE Jan 2022,INF10005,27,12/30/2021,94
HE Jan 2022,INF10006,21,12/26/2021,74
HE Jan 2022,INF10007,1,12/28/2021,57
HE Jan 2022,INF10007,18,12/28/2021,92
HE Jan 2022,MKT30000,22,12/26/2021,37
HE Jan 2022,INF10001,28,12/21/2021,59
HE Jan 2022,INF10006,22,12/29/2021,30
HE Jan 2022,INF10001,26,12/30/2021,86
HE Jan 2022,INF10002,35,12/29/2021,40
HE Jan 2022,INF10004,19,12/29/2021,41
HE Jan 2022,INF10003,35,12/20/2021,63
HE Jan 2022,INF10008,13,12/22/2021,65
HE Jan 2022,INF10001,2,1/1/2022,60
HE Jan 2022,INF10004,5,12/21/2021,79
HE Jan 2022,INF10004,2,12/27/2021,69
HE Jan 2022,INF10008,5,12/22/2021,20
HE Jan 2022,INF10007,12,12/24/2021,20
HE Jan 2022,INF10004,31,1/1/2022,57
HE Jan 2022,INF10002,17,12/29/2021,92
HE Jan 2022,INF10006,16,12/30/2021,13
HE Jan 2022,MKT30002,1,12/28/2021,28
HE Jan 2022,INF10008,9,12/23/2021,53
HE Jan 2022,MKT30002,6,1/1/2022,19
HE Jan 2022,MKT30000,26,12/25/2021,50
HE Jan 2022,INF10007,22,12/22/2021,88
HE Jan 2022,INF10003,14,12/21/2021,27
HE Jan 2022,MKT30000,14,12/26/2021,95
HE Jan 2022,INF10003,16,12/30/2021,59
HE Jan 2022,INF10003,19,12/29/2021,54
HE Jan 2022,INF10007,21,12/29/2021,13
HE Jan 2022,INF10008,25,12/29/2021,98
HE Jan 2022,INF10001,18,12/27/2021,46
HE Jan 2022,INF10003,22,12/22/2021,99
HE Jan 2022,MKT30002,4,12/22/2021,90
HE Jan 2022,INF10009,10,1/1/2022,48
HE Jan 2022,INF10002,33,12/24/2021,85
HE Jan 2022,INF10006,33,12/25/2021,94
HE Jan 2022,INF10005,6,12/24/2021,50
HE Jan 2022,INF10002,10,12/29/2021,87
HE Jan 2022,INF10009,12,12/21/2021,88
HE Jan 2022,INF10003,29,12/23/2021,10
HE Jan 2022,INF10008,18,12/23/2021,34
HE Jan 2022,MKT30001,16,12/23/2021,43
HE Jan 2022,MKT30001,8,12/29/2021,59
HE Jan 2022,INF10004,14,12/28/2021,65
HE Jan 2022,MKT30001,34,12/24/2021,3
HE Jan 2022,MKT30001,1,12/20/2021,75
HE Jan 2022,INF10007,33,1/1/2022,48
HE Jan 2022,INF10006,12,12/31/2021,16
HE Jan 2022,INF10004,12,12/26/2021,72
HE Jan 2022,INF10005,31,12/23/2021,52
HE Jan 2022,INF10008,11,12/30/2021,77
HE Jan 2022,INF10003,4,12/24/2021,94
HE Jan 2022,INF10005,14,12/30/2021,44
HE Jan 2022,INF10009,33,12/30/2021,4
HE Jan 2022,INF10001,19,12/27/2021,90
HE Jan 2022,INF10003,1,12/21/2021,34
HE Jan 2022,INF10002,25,12/27/2021,19
HE Jan 2023,INF10007,13,12/21/2022,63
HE Jan 2023,INF10001,18,12/23/2022,16
HE Jan 2023,INF10006,1,12/21/2022,15
HE Jan 2023,INF10005,8,12/20/2022,83
HE Jan 2023,MKT30002,11,12/29/2022,49
HE Jan 2023,INF10003,13,12/24/2022,35
HE Jan 2023,INF10005,30,12/28/2022,10
HE Jan 2023,MKT30001,8,12/27/2022,52
HE Jan 2023,INF10004,30,12/29/2022,20
HE Jan 2023,MKT30001,13,12/28/2022,66
HE Jan 2023,INF10006,16,12/23/2022,98
HE Jan 2023,INF10002,8,12/24/2022,44
HE Jan 2023,MKT30000,19,12/26/2022,51
HE Jan 2023,INF10008,34,12/27/2022,4
HE Jan 2023,MKT30001,11,12/27/2022,8
HE Jan 2023,INF10006,20,12/21/2022,45
HE Jan 2023,INF10001,21,12/26/2022,43
HE Jan 2023,INF10001,4,12/23/2022,39
HE Jan 2023,MKT30002,30,12/29/2022,39
HE Jan 2023,MKT30001,3,12/31/2022,1
HE Jan 2023,INF10007,19,1/1/2023,35
HE Jan 2023,MKT30001,14,12/25/2022,73
HE Jan 2023,INF10003,17,12/31/2022,94
HE Jan 2023,INF10003,14,12/22/2022,58
HE Jan 2023,INF10008,33,12/26/2022,57
HE Jan 2023,INF10006,24,12/29/2022,89
HE Jan 2023,INF10005,32,12/21/2022,12
HE Jan 2023,MKT30001,7,12/21/2022,78
HE Jan 2023,INF10004,19,12/20/2022,41
HE Jan 2023,INF10007,24,12/24/2022,28
HE Jan 2023,INF10005,31,12/30/2022,60
HE Jan 2023,INF10008,1,12/26/2022,87
HE Jan 2023,INF10007,33,12/29/2022,23
HE Jan 2023,INF10004,21,12/26/2022,19
HE Jan 2023,MKT30001,4,12/26/2022,76
HE Jan 2023,INF10004,28,12/20/2022,70
HE Jan 2023,INF10008,31,12/30/2022,33
HE Jan 2023,INF10004,8,12/27/2022,62
HE Jan 2023,INF10001,20,12/27/2022,28
HE Jan 2023,MKT30002,22,1/1/2023,79
HE Jan 2023,INF10006,14,12/20/2022,7
HE Jan 2023,INF10002,3,12/22/2022,7
HE Jan 2023,INF10003,8,12/30/2022,20
HE Jan 2023,INF10009,9,12/27/2022,96
HE Jan 2023,INF10006,35,12/20/2022,66
HE Jan 2023,INF10009,1,12/24/2022,74
HE Jan 2023,MKT30001,2,12/22/2022,49
HE Jan 2023,MKT30000,16,12/24/2022,70
HE Jan 2023,INF10003,6,12/29/2022,44
HE Jan 2023,INF10009,35,12/21/2022,27
HE Jan 2023,INF10006,2,12/28/2022,8
HE Jan 2023,INF10008,13,12/20/2022,1
HE Jan 2023,INF10004,11,1/1/2023,34
HE Jan 2023,INF10001,5,12/31/2022,1
HE Jan 2023,INF10003,10,12/23/2022,10
HE Jan 2023,INF10004,5,12/30/2022,80
HE Jan 2023,INF10003,27,12/22/2022,29
HE Jan 2023,MKT30002,28,12/24/2022,1
HE Jan 2023,INF10004,18,12/31/2022,62
HE Jan 2023,INF10009,23,12/21/2022,1
HE Jan 2023,INF10001,22,12/29/2022,55
HE Jan 2023,INF10008,12,12/25/2022,99
HE Jan 2023,INF10003,26,12/24/2022,42
HE Jan 2023,MKT30001,30,12/31/2022,11
HE Jan 2023,INF10005,4,12/27/2022,93
HE Jan 2023,MKT30002,15,12/21/2022,9
HE Jan 2023,MKT30001,24,12/23/2022,38
HE Jan 2023,MKT30002,2,12/26/2022,87
HE Jan 2023,INF10002,10,12/30/2022,71
HE Jan 2023,MKT30001,12,12/20/2022,71
HE Jan 2023,INF10007,9,12/30/2022,81
HE Jan 2023,INF10008,17,12/20/2022,54
HE Jan 2023,INF10008,35,1/1/2023,70
HE Jan 2023,INF10004,6,12/27/2022,84
HE Jan 2023,INF10009,17,12/26/2022,52
HE Jan 2023,MKT30001,19,12/30/2022,68
HE Jan 2023,MKT30002,23,12/24/2022,84
HE Jan 2023,INF10004,9,12/21/2022,46
HE Jan 2023,INF10008,2,12/29/2022,82
HE Jan 2023,MKT30000,3,12/23/2022,28
HE Jan 2023,INF10005,20,12/20/2022,50
HE Jan 2023,MKT30002,31,12/20/2022,92
HE Jan 2023,MKT30002,24,12/21/2022,4
HE Jan 2023,MKT30002,34,12/23/2022,43
HE Jan 2023,MKT30001,32,12/22/2022,83
HE Jan 2023,INF10002,12,12/23/2022,60
HE Jan 2023,INF10003,19,12/29/2022,79
HE Jan 2023,INF10007,12,12/31/2022,74
HE Jan 2023,INF10007,4,12/20/2022,80
HE Jan 2023,INF10007,22,12/21/2022,21
HE Jan 2023,INF10009,29,1/1/2023,6
HE Jan 2023,INF10005,22,12/21/2022,6
HE Jan 2023,MKT30002,29,12/28/2022,54
HE Jan 2023,INF10006,4,12/25/2022,70
HE Jan 2023,INF10002,22,12/27/2022,48
HE Jan 2023,INF10002,30,12/25/2022,51
HE Jan 2023,INF10002,18,12/27/2022,9
HE Jan 2023,INF10009,3,12/28/2022,91
HE Jan 2023,INF10006,5,1/1/2023,95
HE Jan 2023,INF10008,3,12/30/2022,61
HE Jan 2023,MKT30001,21,12/20/2022,31
HE Jan 2023,MKT30000,23,12/26/2022,81
HE Jan 2023,INF10004,24,12/27/2022,22
HE Jan 2023,INF10005,21,12/28/2022,67
HE Jan 2023,INF10004,20,1/1/2023,12
HE Jan 2023,INF10001,11,12/30/2022,13
HE Jan 2023,INF10009,12,12/31/2022,33
HE Jan 2023,MKT30000,13,12/28/2022,10
HE Jan 2023,MKT30002,13,12/23/2022,12
HE Jan 2023,INF10002,33,12/25/2022,92
HE Jan 2023,INF10009,28,12/31/2022,45
HE Jan 2023,MKT30002,14,12/31/2022,64
HE Jan 2023,INF10001,17,12/26/2022,12
HE Jan 2023,MKT30002,8,12/21/2022,55
HE Jan 2023,INF10003,5,12/27/2022,92
HE Jan 2023,MKT30002,20,12/25/2022,79
HE Jan 2023,MKT30000,4,12/24/2022,4
HE Jan 2023,MKT30002,3,12/25/2022,72
HE Jan 2023,INF10007,30,12/24/2022,91
HE Jan 2023,INF10008,5,12/28/2022,40
HE Jan 2023,INF10007,31,12/28/2022,13
HE Jan 2023,MKT30000,29,12/27/2022,42
HE Jan 2023,INF10006,19,12/27/2022,76
HE Jan 2023,INF10007,3,1/1/2023,51
HE Jan 2023,MKT30001,23,12/21/2022,16
HE Jan 2023,INF10006,22,12/31/2022,73
HE Jan 2023,INF10004,25,1/1/2023,3
HE Jan 2023,MKT30001,9,12/26/2022,81
HE Jan 2023,INF10001,16,12/26/2022,28
HE Jan 2023,MKT30001,25,12/25/2022,64
HE Jan 2023,INF10006,33,12/26/2022,26
HE Jan 2023,INF10005,2,1/1/2023,58
HE Jan 2023,MKT30000,1,12/29/2022,76
HE Jan 2023,INF10002,29,12/29/2022,64
HE Jan 2023,INF10009,20,12/21/2022,48
HE Jan 2023,INF10001,6,12/23/2022,38
HE Jan 2023,INF10003,28,12/27/2022,25
HE Jan 2023,INF10007,11,12/22/2022,18
HE Jan 2023,INF10006,10,12/31/2022,6
HE Jan 2023,MKT30001,5,12/26/2022,22
HE Jan 2023,INF10002,17,12/23/2022,44
HE Jan 2023,INF10006,9,12/25/2022,42
HE Jan 2023,INF10002,2,12/23/2022,40
HE Jan 2023,INF10008,15,1/1/2023,91
HE Jan 2023,INF10008,14,12/30/2022,50
HE Jan 2023,MKT30002,25,12/29/2022,68
HE Jan 2023,MKT30002,19,12/26/2022,40
HE Jan 2023,INF10009,18,12/31/2022,81
HE Jan 2023,INF10005,9,12/29/2022,58
HE Jan 2023,MKT30001,16,12/22/2022,55
HE Jan 2023,INF10006,32,12/26/2022,15
HE Jan 2023,INF10008,20,12/30/2022,94
HE Jan 2023,MKT30002,35,12/24/2022,6
HE May 2020,ICT20004,20,4/19/2020,86
HE May 2020,MKT30003,20,4/17/2020,92
HE May 2020,INF10015,21,4/9/2020,100
HE May 2020,MKT30006,31,4/1/2020,35
HE May 2020,INF10015,2,4/2/2020,72
HE May 2020,INF10014,32,3/26/2020,62
HE May 2020,INF10013,22,3/24/2020,6
HE May 2020,INF10013,12,4/3/2020,25
HE May 2020,ICT20005,23,4/5/2020,74
HE May 2020,MKT30003,2,3/28/2020,84
HE May 2020,MKT30007,17,4/22/2020,40
HE May 2020,MKT30005,2,3/29/2020,41
HE May 2020,ICT20001,3,4/10/2020,60
HE May 2020,ICT20001,23,4/13/2020,90
HE May 2020,MKT30003,32,4/12/2020,12
HE May 2020,INF10015,26,4/17/2020,96
HE May 2020,INF10014,7,4/16/2020,78
HE May 2020,INF10012,28,3/25/2020,100
HE May 2020,MKT30007,6,4/10/2020,35
HE May 2020,INF10010,12,4/7/2020,68
HE May 2020,MKT30004,5,4/10/2020,33
HE May 2020,INF10010,14,3/29/2020,66
HE May 2020,MKT30007,27,3/29/2020,40
HE May 2020,MKT30007,8,4/16/2020,55
HE May 2020,MKT30007,2,3/24/2020,9
HE May 2020,INF10011,29,3/26/2020,3
HE May 2020,ICT20001,16,3/22/2020,11
HE May 2020,MKT30007,7,3/31/2020,98
HE May 2020,ICT20003,26,4/17/2020,71
HE May 2020,INF10013,6,4/19/2020,53
HE May 2020,MKT30005,4,3/25/2020,36
HE May 2020,MKT30006,18,3/24/2020,1
HE May 2020,MKT30007,4,4/1/2020,75
HE May 2020,MKT30005,29,4/16/2020,71
HE May 2020,INF10010,34,4/1/2020,46
HE May 2020,MKT30005,26,4/13/2020,80
HE May 2020,MKT30006,26,4/15/2020,48
HE May 2020,INF10013,17,4/16/2020,30
HE May 2020,MKT30007,3,4/1/2020,64
HE May 2020,ICT20003,14,3/28/2020,9
HE May 2020,MKT30003,33,4/13/2020,10
HE May 2020,MKT30007,10,3/25/2020,70
HE May 2020,INF10011,28,3/30/2020,14
HE May 2020,INF10012,3,3/27/2020,94
HE May 2020,ICT20005,20,4/6/2020,70
HE May 2020,ICT20001,30,3/28/2020,23
HE May 2020,INF10010,15,3/30/2020,90
HE May 2020,INF10011,30,4/6/2020,28
HE May 2020,ICT20004,11,4/21/2020,9
HE May 2020,ICT20002,24,4/22/2020,37
HE May 2020,MKT30006,21,4/13/2020,20
HE May 2020,INF10011,1,3/26/2020,45
HE May 2020,INF10010,22,3/29/2020,40
HE May 2020,INF10012,15,4/14/2020,39
HE May 2020,ICT20002,10,3/28/2020,17
HE May 2020,MKT30006,4,4/7/2020,47
HE May 2020,MKT30007,13,4/19/2020,46
HE May 2020,INF10011,15,3/26/2020,93
HE May 2020,MKT30007,15,3/28/2020,2
HE May 2020,INF10014,17,3/29/2020,76
HE May 2020,ICT20002,5,4/4/2020,59
HE May 2020,INF10015,25,4/16/2020,15
HE May 2020,INF10015,20,4/7/2020,86
HE May 2020,MKT30004,7,4/11/2020,82
HE May 2020,MKT30003,10,4/17/2020,22
HE May 2020,MKT30005,9,4/3/2020,13
HE May 2020,INF10010,21,3/23/2020,79
HE May 2020,ICT20005,1,4/16/2020,7
HE May 2020,MKT30006,1,4/13/2020,7
HE May 2020,ICT20002,6,4/21/2020,45
HE May 2020,MKT30006,3,3/25/2020,56
HE May 2020,ICT20005,11,3/25/2020,75
HE May 2020,INF10010,2,4/19/2020,15
HE May 2020,MKT30005,34,3/27/2020,45
HE May 2020,ICT20003,10,4/23/2020,11
HE May 2020,INF10015,15,3/25/2020,52
HE May 2020,INF10015,9,3/31/2020,75
HE May 2020,MKT30004,6,4/7/2020,88
HE May 2020,MKT30006,25,3/28/2020,67
HE May 2020,MKT30003,3,4/12/2020,99
HE May 2020,MKT30004,11,4/4/2020,35
HE May 2020,MKT30007,9,4/11/2020,21
HE May 2020,ICT20004,21,4/4/2020,60
HE May 2020,INF10014,26,4/10/2020,29
HE May 2020,MKT30007,14,4/10/2020,14
HE May 2020,INF10011,4,4/15/2020,63
HE May 2020,INF10011,12,4/12/2020,100
HE May 2020,INF10014,12,4/12/2020,2
HE May 2020,INF10012,27,4/6/2020,63
HE May 2020,INF10013,5,4/22/2020,52
HE May 2020,ICT20005,21,4/12/2020,82
HE May 2020,INF10011,10,4/21/2020,50
HE May 2020,ICT20002,9,4/10/2020,73
HE May 2020,ICT20002,29,4/2/2020,50
HE May 2020,ICT20003,32,4/10/2020,91
HE May 2020,ICT20001,2,3/25/2020,39
HE May 2020,MKT30004,22,3/28/2020,36
HE May 2020,ICT20004,24,4/11/2020,32
HE May 2020,ICT20005,2,4/19/2020,20
HE May 2020,INF10012,21,4/9/2020,38
HE May 2020,ICT20005,28,4/14/2020,48
HE May 2020,ICT20003,30,4/11/2020,14
HE May 2020,ICT20001,35,3/27/2020,65
HE May 2020,ICT20003,23,3/29/2020,45
HE May 2020,MKT30007,28,4/19/2020,66
HE May 2020,ICT20005,32,3/27/2020,71
HE May 2020,MKT30003,13,4/23/2020,82
HE May 2020,MKT30003,5,4/15/2020,74
HE May 2020,ICT20005,24,4/16/2020,78
HE May 2020,MKT30006,32,4/16/2020,92
HE May 2020,MKT30004,18,4/18/2020,94
HE May 2020,MKT30005,21,4/23/2020,85
HE May 2020,INF10013,26,4/3/2020,33
HE May 2020,INF10014,21,3/29/2020,55
HE May 2020,INF10013,35,4/18/2020,55
HE May 2020,INF10011,17,4/20/2020,95
HE May 2020,ICT20002,14,4/7/2020,2
HE May 2020,INF10013,30,4/9/2020,63
HE May 2020,MKT30003,6,4/1/2020,41
HE May 2020,INF10013,18,4/14/2020,55
HE May 2020,ICT20005,9,3/23/2020,9
HE May 2020,INF10012,29,4/4/2020,63
HE May 2020,ICT20003,34,4/2/2020,61
HE May 2020,INF10015,29,3/22/2020,1
HE May 2020,INF10015,4,3/27/2020,61
HE May 2020,INF10014,33,3/29/2020,17
HE May 2020,MKT30006,13,4/22/2020,51
HE May 2020,MKT30006,19,4/16/2020,94
HE May 2020,ICT20002,20,3/31/2020,89
HE May 2020,MKT30007,35,4/13/2020,64
HE May 2020,ICT20003,28,3/31/2020,18
HE May 2020,INF10015,31,4/17/2020,55
HE May 2020,INF10013,25,3/28/2020,46
HE May 2020,MKT30005,35,4/15/2020,43
HE May 2020,ICT20003,17,4/19/2020,51
HE May 2020,ICT20004,23,4/4/2020,74
HE May 2020,ICT20004,4,4/12/2020,75
HE May 2020,INF10010,32,4/23/2020,95
HE May 2020,INF10012,12,3/25/2020,99
HE May 2020,INF10010,24,4/22/2020,70
HE May 2020,MKT30003,8,3/28/2020,91
HE May 2020,MKT30005,16,3/23/2020,86
HE May 2020,INF10012,25,4/2/2020,63
HE May 2020,MKT30006,2,3/27/2020,68
HE May 2020,ICT20001,15,4/18/2020,68
HE May 2020,ICT20004,17,4/23/2020,22
HE May 2020,MKT30005,19,4/17/2020,94
HE May 2020,MKT30006,22,3/22/2020,2
HE May 2020,MKT30005,22,3/31/2020,70
HE May 2020,INF10010,1,4/4/2020,4
HE May 2020,INF10013,2,4/19/2020,67
HE May 2020,INF10010,16,3/31/2020,76
HE May 2020,INF10012,34,4/10/2020,90
HE May 2020,INF10011,34,3/29/2020,81
HE May 2020,ICT20002,11,3/26/2020,66
HE May 2020,INF10012,23,3/29/2020,10
HE May 2020,MKT30005,10,4/14/2020,12
HE May 2020,INF10010,26,3/25/2020,17
HE May 2020,MKT30004,29,3/31/2020,76
HE May 2020,MKT30003,7,3/24/2020,91
HE May 2020,ICT20002,12,3/30/2020,97
HE May 2020,MKT30007,33,3/25/2020,51
HE May 2020,INF10014,28,4/2/2020,22
HE May 2020,INF10010,30,4/18/2020,45
HE May 2020,INF10014,18,4/8/2020,33
HE May 2020,ICT20004,3,3/23/2020,21
HE May 2020,ICT20001,33,4/16/2020,100
HE May 2021,ICT20005,17,4/12/2021,24
HE May 2021,INF10012,28,3/25/2021,63
HE May 2021,ICT20002,6,4/12/2021,63
HE May 2021,INF10011,34,3/22/2021,8
HE May 2021,MKT30005,30,3/26/2021,10
HE May 2021,MKT30004,10,4/11/2021,84
HE May 2021,ICT20002,4,4/2/2021,92
HE May 2021,INF10010,34,3/22/2021,40
HE May 2021,MKT30003,7,3/25/2021,13
HE May 2021,INF10012,6,4/9/2021,68
HE May 2021,INF10010,24,4/18/2021,27
HE May 2021,ICT20003,3,3/31/2021,10
HE May 2021,INF10013,23,4/14/2021,54
HE May 2021,ICT20002,28,4/1/2021,94
HE May 2021,MKT30003,31,4/22/2021,39
HE May 2021,MKT30003,26,4/20/2021,16
HE May 2021,INF10012,16,3/27/2021,85
HE May 2021,MKT30007,24,4/11/2021,30
HE May 2021,INF10014,5,4/3/2021,80
HE May 2021,MKT30005,17,4/15/2021,80
HE May 2021,INF10013,21,4/9/2021,60
HE May 2021,ICT20002,34,4/22/2021,15
HE May 2021,INF10015,6,3/27/2021,56
HE May 2021,MKT30006,8,3/22/2021,56
HE May 2021,ICT20003,12,4/9/2021,80
HE May 2021,ICT20004,25,4/21/2021,74
HE May 2021,INF10012,25,3/24/2021,32
HE May 2021,INF10011,29,3/31/2021,35
HE May 2021,INF10015,28,4/15/2021,64
HE May 2021,MKT30003,33,4/12/2021,28
HE May 2021,ICT20005,10,4/8/2021,51
HE May 2021,INF10011,27,4/2/2021,56
HE May 2021,MKT30003,14,4/13/2021,72
HE May 2021,INF10012,1,4/13/2021,37
HE May 2021,MKT30006,17,4/10/2021,89
HE May 2021,INF10010,12,3/28/2021,19
HE May 2021,INF10015,27,3/29/2021,58
HE May 2021,INF10014,19,3/23/2021,21
HE May 2021,INF10015,34,4/3/2021,30
HE May 2021,INF10012,17,4/13/2021,90
HE May 2021,INF10013,28,4/22/2021,75
HE May 2021,MKT30004,21,4/17/2021,16
HE May 2021,MKT30005,35,4/14/2021,34
HE May 2021,ICT20003,22,4/19/2021,68
HE May 2021,INF10011,3,3/28/2021,32
HE May 2021,MKT30004,29,4/22/2021,72
HE May 2021,MKT30007,12,4/9/2021,44
HE May 2021,INF10014,23,4/16/2021,64
HE May 2021,ICT20002,3,4/2/2021,77
HE May 2021,MKT30003,28,4/3/2021,55
HE May 2021,MKT30003,23,4/8/2021,57
HE May 2021,MKT30006,7,3/26/2021,39
HE May 2021,MKT30004,35,4/13/2021,2
HE May 2021,ICT20001,29,4/22/2021,71
HE May 2021,INF10012,35,3/29/2021,25
HE May 2021,INF10010,23,4/18/2021,34
HE May 2021,MKT30007,16,4/12/2021,34
HE May 2021,ICT20004,27,4/11/2021,24
HE May 2021,MKT30007,31,4/7/2021,57
HE May 2021,MKT30004,3,4/4/2021,52
HE May 2021,INF10012,26,4/19/2021,66
HE May 2021,MKT30004,9,4/22/2021,65
HE May 2021,MKT30005,26,4/2/2021,80
HE May 2021,ICT20005,1,4/22/2021,44
HE May 2021,MKT30003,15,4/9/2021,35
HE May 2021,INF10013,9,3/26/2021,66
HE May 2021,INF10010,3,4/18/2021,63
HE May 2021,INF10014,11,4/13/2021,56
HE May 2021,MKT30006,34,4/2/2021,13
HE May 2021,INF10013,27,3/24/2021,57
HE May 2021,MKT30006,5,3/31/2021,57
HE May 2021,INF10015,31,3/31/2021,44
HE May 2021,MKT30005,4,4/12/2021,82
HE May 2021,MKT30005,28,4/21/2021,3
HE May 2021,ICT20005,23,4/2/2021,17
HE May 2021,MKT30005,18,4/9/2021,39
HE May 2021,ICT20002,32,4/10/2021,28
HE May 2021,INF10012,30,4/20/2021,6
HE May 2021,MKT30006,12,3/31/2021,87
HE May 2021,ICT20004,13,4/2/2021,42
HE May 2021,INF10010,27,4/12/2021,6
HE May 2021,INF10010,15,4/20/2021,72
HE May 2021,INF10011,35,4/13/2021,39
HE May 2021,ICT20005,34,4/20/2021,86
HE May 2021,INF10012,20,4/6/2021,60
HE May 2021,INF10012,14,4/7/2021,78
HE May 2021,INF10010,35,4/14/2021,45
HE May 2021,MKT30007,28,4/21/2021,43
HE May 2021,INF10011,9,4/16/2021,69
HE May 2021,INF10015,2,3/29/2021,40
HE May 2021,INF10012,4,3/26/2021,24
HE May 2021,MKT30004,8,4/11/2021,61
HE May 2021,ICT20002,14,4/15/2021,16
HE May 2021,MKT30003,1,3/29/2021,71
HE May 2021,ICT20004,9,4/23/2021,54
HE May 2021,INF10010,8,4/2/2021,47
HE May 2021,INF10013,22,3/31/2021,74
HE May 2021,ICT20005,9,4/13/2021,86
HE May 2021,INF10010,33,3/31/2021,48
HE May 2021,INF10014,21,4/18/2021,53
HE May 2021,INF10013,29,3/23/2021,87
HE May 2021,INF10014,26,4/19/2021,6
HE May 2021,ICT20001,17,4/18/2021,68
HE May 2021,ICT20001,9,3/26/2021,89
HE May 2021,INF10011,28,4/8/2021,65
HE May 2021,ICT20001,7,3/29/2021,35
HE May 2021,ICT20002,17,4/5/2021,66
HE May 2021,MKT30006,14,3/31/2021,16
HE May 2021,INF10010,21,4/3/2021,76
HE May 2021,INF10012,15,4/23/2021,27
HE May 2021,INF10012,12,4/17/2021,38
HE May 2021,INF10011,16,4/9/2021,70
HE May 2021,ICT20004,11,4/19/2021,29
HE May 2021,ICT20004,29,4/2/2021,64
HE May 2021,INF10015,30,3/27/2021,80
HE May 2021,INF10014,29,4/12/2021,77
HE May 2021,INF10013,32,4/14/2021,43
HE May 2021,INF10012,22,4/17/2021,73
HE May 2021,MKT30005,12,4/2/2021,29
HE May 2021,INF10011,7,4/19/2021,88
HE May 2021,ICT20003,11,4/18/2021,70
HE May 2021,ICT20001,34,4/11/2021,17
HE May 2021,ICT20005,27,4/7/2021,20
HE May 2021,INF10010,16,4/9/2021,52
HE May 2021,MKT30004,26,3/23/2021,9
HE May 2021,MKT30004,31,4/21/2021,33
HE May 2021,MKT30006,13,4/19/2021,75
HE May 2021,MKT30006,25,4/13/2021,85
HE May 2021,INF10012,9,4/14/2021,46
HE May 2021,MKT30007,4,4/15/2021,17
HE May 2021,ICT20004,6,3/26/2021,74
HE May 2021,ICT20001,35,4/18/2021,50
HE May 2021,ICT20002,1,3/30/2021,8
HE May 2021,INF10011,13,4/21/2021,41
HE May 2021,ICT20002,13,4/18/2021,8
HE May 2021,ICT20005,16,3/23/2021,44
HE May 2021,MKT30004,7,4/16/2021,74
HE May 2021,MKT30003,27,4/2/2021,90
HE May 2021,INF10014,27,3/22/2021,17
HE May 2021,MKT30007,5,3/25/2021,56
HE May 2021,MKT30003,25,4/15/2021,40
HE May 2021,ICT20005,12,4/16/2021,49
HE May 2021,ICT20001,26,4/12/2021,73
HE May 2021,INF10013,15,4/12/2021,21
HE May 2021,MKT30007,35,4/21/2021,12
HE May 2021,ICT20004,31,4/9/2021,37
HE May 2021,ICT20002,31,4/13/2021,7
HE May 2021,INF10014,2,4/11/2021,23
HE May 2021,INF10015,33,3/26/2021,12
HE May 2021,MKT30006,18,3/24/2021,62
HE May 2021,INF10013,3,3/31/2021,15
HE May 2021,INF10015,1,4/13/2021,18
HE May 2021,ICT20005,33,3/28/2021,17
HE May 2021,MKT30004,16,4/2/2021,60
HE May 2021,INF10013,34,4/14/2021,28
HE May 2021,ICT20002,20,3/22/2021,30
HE May 2021,MKT30006,32,4/13/2021,92
HE May 2021,MKT30006,16,4/15/2021,69
HE May 2021,MKT30004,28,3/29/2021,86
HE May 2021,ICT20003,35,4/2/2021,61
HE May 2021,ICT20002,26,4/15/2021,47
HE May 2021,MKT30007,1,3/24/2021,15
HE May 2021,INF10010,19,3/23/2021,6
HE May 2021,MKT30003,2,4/17/2021,65
HE May 2021,INF10011,20,4/16/2021,8
HE May 2021,ICT20003,19,4/1/2021,27
HE May 2021,ICT20003,32,4/21/2021,1
HE May 2022,MKT30004,29,4/20/2022,77
HE May 2022,INF10015,15,4/11/2022,87
HE May 2022,ICT20002,3,4/12/2022,70
HE May 2022,INF10015,33,4/13/2022,42
HE May 2022,INF10013,30,3/27/2022,19
HE May 2022,INF10015,31,4/5/2022,14
HE May 2022,INF10015,11,3/22/2022,88
HE May 2022,MKT30004,24,3/23/2022,15
HE May 2022,ICT20003,1,4/7/2022,16
HE May 2022,ICT20005,13,3/24/2022,8
HE May 2022,ICT20001,12,4/12/2022,88
HE May 2022,MKT30004,31,4/9/2022,85
HE May 2022,INF10012,6,4/21/2022,81
HE May 2022,ICT20004,14,3/23/2022,26
HE May 2022,INF10010,21,4/20/2022,98
HE May 2022,INF10013,33,4/19/2022,10
HE May 2022,MKT30003,12,3/22/2022,22
HE May 2022,MKT30005,21,4/8/2022,73
HE May 2022,INF10013,29,4/6/2022,56
HE May 2022,MKT30003,4,4/6/2022,20
HE May 2022,ICT20005,12,4/16/2022,58
HE May 2022,ICT20001,24,4/13/2022,58
HE May 2022,MKT30003,10,4/23/2022,54
HE May 2022,MKT30005,27,3/29/2022,52
HE May 2022,ICT20003,35,3/30/2022,82
HE May 2022,MKT30005,26,4/9/2022,41
HE May 2022,INF10015,30,4/10/2022,79
HE May 2022,INF10014,4,4/1/2022,82
HE May 2022,INF10011,8,4/20/2022,4
HE May 2022,ICT20003,6,4/16/2022,91
HE May 2022,MKT30007,29,4/15/2022,93
HE May 2022,ICT20002,33,4/20/2022,78
HE May 2022,INF10015,5,4/6/2022,24
HE May 2022,INF10015,17,4/1/2022,94
HE May 2022,MKT30006,35,4/18/2022,65
HE May 2022,INF10010,33,4/6/2022,68
HE May 2022,MKT30005,13,4/10/2022,64
HE May 2022,INF10013,24,4/11/2022,72
HE May 2022,ICT20003,23,4/9/2022,83
HE May 2022,ICT20005,6,4/19/2022,56
HE May 2022,INF10010,31,4/17/2022,36
HE May 2022,MKT30007,23,4/4/2022,68
HE May 2022,ICT20004,20,4/12/2022,66
HE May 2022,MKT30007,8,4/17/2022,22
HE May 2022,MKT30003,33,4/8/2022,41
HE May 2022,MKT30006,24,4/11/2022,35
HE May 2022,INF10015,3,3/27/2022,34
HE May 2022,MKT30004,35,4/12/2022,19
HE May 2022,ICT20001,32,4/8/2022,75
HE May 2022,ICT20003,34,4/1/2022,16
HE May 2022,ICT20002,19,3/31/2022,47
HE May 2022,ICT20005,2,4/3/2022,32
HE May 2022,MKT30003,26,4/14/2022,33
HE May 2022,INF10014,22,3/25/2022,8
HE May 2022,ICT20002,30,3/26/2022,98
HE May 2022,ICT20002,7,3/22/2022,83
HE May 2022,MKT30006,25,4/8/2022,27
HE May 2022,MKT30005,6,4/8/2022,11
HE May 2022,ICT20001,5,4/11/2022,93
HE May 2022,ICT20005,23,3/22/2022,63
HE May 2022,INF10012,27,4/17/2022,8
HE May 2022,INF10010,11,3/23/2022,91
HE May 2022,ICT20001,18,4/18/2022,29
HE May 2022,INF10015,32,4/15/2022,46
HE May 2022,INF10013,27,4/20/2022,67
HE May 2022,INF10015,29,4/12/2022,96
HE May 2022,INF10015,20,4/17/2022,22
HE May 2022,INF10013,15,4/20/2022,7
HE May 2022,INF10013,18,4/15/2022,24
HE May 2022,ICT20005,25,3/23/2022,100
HE May 2022,ICT20003,11,3/26/2022,32
HE May 2022,MKT30003,11,3/24/2022,95
HE May 2022,ICT20005,20,4/8/2022,4
HE May 2022,INF10012,16,4/21/2022,76
HE May 2022,MKT30003,1,4/22/2022,25
HE May 2022,INF10010,35,3/28/2022,80
HE May 2022,MKT30007,5,3/30/2022,70
HE May 2022,MKT30003,16,4/23/2022,87
HE May 2022,INF10014,11,4/15/2022,49
HE May 2022,ICT20003,14,3/28/2022,96
HE May 2022,INF10010,14,4/17/2022,23
HE May 2022,MKT30007,10,4/16/2022,24
HE May 2022,ICT20005,1,3/22/2022,87
HE May 2022,ICT20003,19,4/19/2022,98
HE May 2022,INF10011,28,3/29/2022,17
HE May 2022,INF10013,11,4/4/2022,80
HE May 2022,ICT20004,1,3/25/2022,17
HE May 2022,INF10010,24,4/18/2022,91
HE May 2022,INF10012,17,3/25/2022,47
HE May 2022,MKT30004,21,4/6/2022,76
HE May 2022,INF10012,23,4/9/2022,7
HE May 2022,INF10012,13,4/21/2022,71
HE May 2022,ICT20005,17,4/21/2022,43
HE May 2022,INF10015,22,4/4/2022,45
HE May 2022,MKT30003,25,4/11/2022,4
HE May 2022,ICT20005,15,4/22/2022,29
HE May 2022,MKT30006,4,3/30/2022,84
HE May 2022,INF10011,5,4/21/2022,73
HE May 2022,ICT20003,16,4/4/2022,66
HE May 2022,INF10014,32,4/8/2022,68
HE May 2022,INF10011,11,4/15/2022,29
HE May 2022,INF10014,2,3/31/2022,28
HE May 2022,ICT20002,12,4/3/2022,17
HE May 2022,INF10015,35,4/18/2022,2
HE May 2022,ICT20005,32,4/20/2022,30
HE May 2022,MKT30006,9,4/15/2022,8
HE May 2022,INF10010,22,4/18/2022,60
HE May 2022,ICT20004,15,4/9/2022,38
HE May 2022,ICT20002,24,4/9/2022,52
HE May 2022,INF10011,12,3/22/2022,39
HE May 2022,INF10015,21,3/30/2022,84
HE May 2022,MKT30004,1,4/11/2022,63
,,,,
HE May 2022,INF10013,3,3/27/2022,25
HE May 2022,ICT20004,19,4/1/2022,84
HE May 2022,MKT30003,5,4/22/2022,48
HE May 2022,ICT20004,27,4/17/2022,99
HE May 2022,MKT30005,1,3/27/2022,44
HE May 2022,ICT20002,21,3/28/2022,73
HE May 2022,INF10015,28,3/28/2022,28
HE May 2022,ICT20005,30,4/3/2022,91
HE May 2022,INF10011,1,4/6/2022,84
HE May 2022,INF10010,4,4/2/2022,70
HE May 2022,INF10011,9,4/3/2022,15
HE May 2022,MKT30006,28,3/24/2022,16
HE May 2022,INF10012,19,4/9/2022,69
HE May 2022,ICT20001,28,3/31/2022,42
HE May 2022,INF10010,7,3/30/2022,90
HE May 2022,MKT30004,28,3/26/2022,15
HE May 2022,INF10010,8,4/4/2022,99
HE May 2022,MKT30005,7,3/26/2022,44
HE May 2022,ICT20003,31,4/4/2022,42
HE May 2022,INF10013,22,4/8/2022,57
HE May 2022,INF10014,30,3/22/2022,40
HE May 2022,MKT30006,34,4/8/2022,57
HE May 2022,MKT30006,23,4/10/2022,25
HE May 2022,INF10013,5,4/23/2022,15
HE May 2022,ICT20002,22,4/15/2022,92
HE May 2022,INF10013,4,4/11/2022,24
HE May 2022,ICT20004,26,4/12/2022,97
HE May 2022,ICT20003,17,4/15/2022,6
HE May 2022,INF10014,24,3/23/2022,93
HE May 2022,INF10010,2,4/3/2022,57
HE May 2022,INF10010,10,4/19/2022,65
HE May 2022,INF10014,1,4/20/2022,36
HE May 2022,ICT20004,11,4/23/2022,31
HE May 2022,ICT20004,12,3/22/2022,5
HE May 2022,INF10014,27,4/15/2022,4
HE May 2022,MKT30004,26,3/24/2022,86
HE May 2022,MKT30005,11,4/10/2022,17
HE May 2022,ICT20002,20,4/1/2022,82
HE May 2022,MKT30003,20,3/27/2022,74
HE May 2022,MKT30007,14,4/21/2022,1
HE May 2022,MKT30003,34,4/10/2022,38
HE May 2022,MKT30007,11,4/23/2022,95
HE May 2022,INF10013,28,3/22/2022,58
HE May 2022,MKT30005,30,4/13/2022,72
HE May 2022,INF10011,15,3/25/2022,31
HE May 2022,ICT20001,16,4/6/2022,15
HE May 2022,INF10015,14,4/22/2022,14
HE May 2022,MKT30006,26,4/2/2022,73
HE May 2022,INF10012,25,4/16/2022,1
HE May 2022,MKT30007,13,4/5/2022,72
HE May 2022,MKT30005,25,4/4/2022,42
HE May 2022,INF10014,6,4/20/2022,17
HE May 2022,INF10011,14,4/22/2022,80
HE May 2022,ICT20005,4,4/3/2022,73
HE May 2022,INF10011,29,4/16/2022,32
HE May 2023,ICT20004,9,3/31/2023,0
HE May 2023,MKT30007,31,4/13/2023,0
HE May 2023,INF10011,32,4/23/2023,0
HE May 2023,ICT20004,12,4/4/2023,0
HE May 2023,INF10013,19,4/10/2023,0
HE May 2023,ICT20002,26,4/16/2023,0
HE May 2023,MKT30005,33,3/27/2023,0
HE May 2023,ICT20004,20,3/27/2023,0
HE May 2023,MKT30004,9,4/3/2023,0
HE May 2023,MKT30006,2,4/23/2023,0
HE May 2023,INF10010,2,4/7/2023,0
HE May 2023,INF10010,14,3/25/2023,0
HE May 2023,ICT20001,30,4/9/2023,0
HE May 2023,INF10013,9,4/19/2023,0
HE May 2023,INF10010,9,4/23/2023,0
HE May 2023,MKT30007,9,4/18/2023,0
HE May 2023,INF10012,14,3/31/2023,0
HE May 2023,ICT20002,25,4/7/2023,0
HE May 2023,ICT20003,25,4/12/2023,0
HE May 2023,ICT20005,35,4/2/2023,0
HE May 2023,INF10013,24,3/26/2023,0
HE May 2023,ICT20001,22,4/9/2023,0
HE May 2023,MKT30003,12,4/23/2023,0
HE May 2023,MKT30006,26,3/31/2023,0
HE May 2023,ICT20003,31,3/22/2023,0
HE May 2023,ICT20004,25,4/15/2023,0
HE May 2023,MKT30007,30,4/22/2023,0
HE May 2023,ICT20004,22,3/26/2023,0
HE May 2023,MKT30007,24,4/1/2023,0
HE May 2023,MKT30003,5,4/13/2023,0
HE May 2023,MKT30007,28,4/8/2023,0
HE May 2023,ICT20005,7,4/6/2023,0
HE May 2023,ICT20004,15,3/23/2023,0
HE May 2023,ICT20002,22,3/28/2023,0
HE May 2023,MKT30005,5,3/30/2023,0
HE May 2023,MKT30003,17,4/21/2023,0
HE May 2023,MKT30004,18,4/17/2023,0
HE May 2023,INF10012,20,3/27/2023,0
HE May 2023,ICT20005,14,4/9/2023,0
HE May 2023,INF10012,6,3/25/2023,0
HE May 2023,INF10013,4,3/26/2023,0
HE May 2023,ICT20002,16,4/9/2023,0
HE May 2023,INF10014,22,4/1/2023,0
HE May 2023,INF10013,2,3/22/2023,0
HE May 2023,MKT30003,23,4/11/2023,0
HE May 2023,INF10010,18,4/16/2023,0
HE May 2023,ICT20003,23,4/6/2023,0
HE May 2023,MKT30003,1,4/17/2023,0
HE May 2023,ICT20002,6,4/20/2023,0
HE May 2023,INF10012,26,4/15/2023,0
HE May 2023,ICT20004,6,4/4/2023,0
HE May 2023,INF10015,23,3/27/2023,0
HE May 2023,ICT20003,7,4/4/2023,0
HE May 2023,INF10014,20,3/24/2023,0
HE May 2023,MKT30007,32,4/15/2023,0
HE May 2023,ICT20002,18,4/14/2023,0
HE May 2023,INF10010,6,4/18/2023,0
HE May 2023,MKT30004,30,4/13/2023,0
HE May 2023,MKT30007,10,3/22/2023,0
HE May 2023,INF10015,27,4/1/2023,0
HE May 2023,INF10012,9,3/30/2023,0
HE May 2023,MKT30004,1,3/28/2023,0
HE May 2023,INF10014,12,3/27/2023,0
HE May 2023,INF10014,10,3/25/2023,0
HE May 2023,INF10015,20,4/17/2023,0
HE May 2023,INF10011,9,4/1/2023,0
HE May 2023,INF10014,21,4/3/2023,0
HE May 2023,MKT30004,23,4/22/2023,0
HE May 2023,ICT20004,1,3/30/2023,0
HE May 2023,MKT30006,14,4/15/2023,0
HE May 2023,ICT20005,34,4/15/2023,0
HE May 2023,INF10011,14,4/1/2023,0
HE May 2023,INF10012,27,3/25/2023,0
HE May 2023,MKT30005,31,4/5/2023,0
HE May 2023,MKT30007,14,4/22/2023,0
HE May 2023,INF10012,11,3/27/2023,0
HE May 2023,MKT30005,20,4/22/2023,0
HE May 2023,INF10015,13,4/23/2023,0
HE May 2023,INF10012,3,3/28/2023,0
HE May 2023,MKT30007,7,3/28/2023,0
HE May 2023,MKT30005,34,4/13/2023,0
HE May 2023,MKT30004,2,4/4/2023,0
HE May 2023,ICT20005,3,3/25/2023,0
HE May 2023,INF10012,25,4/14/2023,0
HE May 2023,ICT20001,1,4/5/2023,0
HE May 2023,MKT30003,9,3/29/2023,0
HE May 2023,INF10015,10,3/26/2023,0
HE May 2023,ICT20005,10,3/24/2023,0
HE May 2023,ICT20002,5,4/4/2023,0
HE May 2023,INF10011,33,4/17/2023,0
HE May 2023,ICT20004,32,4/12/2023,0
HE May 2023,MKT30005,10,4/20/2023,0
HE May 2023,INF10012,34,3/27/2023,0
HE May 2023,INF10015,24,4/15/2023,0
HE May 2023,MKT30005,30,4/10/2023,0
HE May 2023,ICT20002,20,4/6/2023,0
HE May 2023,MKT30004,27,4/1/2023,0
HE May 2023,INF10015,17,4/13/2023,0
HE May 2023,MKT30007,20,4/6/2023,0
HE May 2023,INF10011,22,4/16/2023,0
HE May 2023,INF10012,33,3/24/2023,0
HE May 2023,ICT20002,34,4/5/2023,0
HE May 2023,INF10011,6,3/28/2023,0
HE May 2023,ICT20003,24,4/4/2023,0
HE May 2023,MKT30004,4,4/14/2023,0
HE May 2023,INF10015,28,3/26/2023,0
HE May 2023,ICT20005,4,4/1/2023,0
HE May 2023,INF10011,26,4/16/2023,0
HE May 2023,MKT30005,25,4/17/2023,0
HE May 2023,ICT20003,30,3/30/2023,0
HE May 2023,INF10013,5,4/9/2023,0
HE May 2023,ICT20004,18,4/13/2023,0
HE May 2023,MKT30007,15,4/21/2023,0
HE May 2023,ICT20001,6,4/8/2023,0
HE May 2023,INF10011,12,4/12/2023,0
HE May 2023,MKT30006,13,4/21/2023,0
HE May 2023,ICT20005,16,4/17/2023,0
HE May 2023,INF10011,7,4/22/2023,0
HE May 2023,ICT20004,11,4/6/2023,0
HE May 2023,MKT30004,15,4/10/2023,0
HE May 2023,INF10011,4,4/14/2023,0
HE May 2023,INF10012,21,4/20/2023,0
HE May 2023,INF10011,25,4/4/2023,0
HE May 2023,INF10010,20,4/18/2023,0
HE May 2023,INF10015,8,3/23/2023,0
HE May 2023,INF10012,17,3/23/2023,0
HE May 2023,INF10015,2,4/21/2023,0
HE May 2023,MKT30007,25,4/17/2023,0
HE May 2023,INF10011,10,3/29/2023,0
HE May 2023,ICT20001,3,4/1/2023,0
HE May 2023,INF10010,25,4/21/2023,0
HE May 2023,MKT30003,24,3/31/2023,0
HE May 2023,INF10013,23,3/29/2023,0
HE May 2023,MKT30005,9,4/21/2023,0
HE May 2023,ICT20001,31,3/24/2023,0
HE May 2023,INF10015,34,3/27/2023,0
HE May 2023,INF10012,4,4/11/2023,0
HE May 2023,INF10010,5,4/2/2023,0
HE May 2023,MKT30005,15,4/8/2023,0
HE May 2023,ICT20001,13,4/1/2023,0
HE May 2023,MKT30007,33,4/22/2023,0
HE May 2023,INF10012,8,4/3/2023,0
HE May 2023,INF10010,17,4/13/2023,0
HE May 2023,MKT30006,20,4/7/2023,0
HE May 2023,ICT20001,19,3/31/2023,0
HE May 2023,INF10014,30,4/16/2023,0
HE May 2023,INF10012,35,4/16/2023,0
HE May 2023,MKT30007,34,4/21/2023,0
HE May 2023,MKT30004,5,4/21/2023,0
HE May 2023,MKT30005,26,3/29/2023,0
HE May 2023,INF10014,32,3/27/2023,0
HE May 2023,INF10011,16,4/7/2023,0
HE May 2023,MKT30006,12,4/2/2023,0
HE May 2023,MKT30004,12,4/2/2023,0
HE May 2023,ICT20003,5,3/29/2023,0
HE May 2023,ICT20005,9,4/18/2023,0
HE May 2023,INF10010,16,4/10/2023,0
HE May 2023,INF10012,28,4/17/2023,0
HE May 2023,MKT30006,21,3/27/2023,0
HE May 2023,INF10015,31,4/20/2023,0
HE May 2023,MKT30007,23,4/5/2023,0
HE May 2023,ICT20001,33,4/1/2023,0
HE May 2023,INF10013,6,3/25/2023,0
HE May 2023,ICT20002,1,4/1/2023,0
HE May 2023,ICT20002,27,4/7/2023,0
HE May 2023,INF10011,31,4/15/2023,0
HE May 2023,MKT30004,20,4/21/2023,0
HE May 2023,MKT30006,5,3/25/2023,0
HE May 2023,INF10013,12,4/2/2023,0
HE May 2023,INF10014,3,4/8/2023,0
HE Sep 2020,INF30019,27,8/31/2020,0
HE Sep 2020,INF30018,27,8/31/2020,0
HE Sep 2020,ICT20010,25,8/26/2020,0
HE Sep 2020,INF10021,16,9/2/2020,0
HE Sep 2020,ICT20010,9,8/22/2020,0
HE Sep 2020,INF30019,3,8/23/2020,0
HE Sep 2020,MKT30008,10,8/23/2020,0
HE Sep 2020,INF10021,9,8/30/2020,0
HE Sep 2020,INF30016,23,8/30/2020,0
HE Sep 2020,ICT20011,17,8/29/2020,0
HE Sep 2020,INF30020,2,8/25/2020,0
HE Sep 2020,MKT30010,26,8/30/2020,0
HE Sep 2020,INF30017,24,8/22/2020,0
HE Sep 2020,INF30018,33,8/30/2020,0
HE Sep 2020,INF30019,19,9/1/2020,0
HE Sep 2020,ICT20007,26,8/22/2020,0
HE Sep 2020,ICT20011,29,8/23/2020,0
HE Sep 2020,MKT30009,17,8/29/2020,0
HE Sep 2020,MKT30008,20,8/30/2020,0
HE Sep 2020,MKT30009,5,8/24/2020,0
HE Sep 2020,ICT20011,27,8/26/2020,0
HE Sep 2020,ICT20010,6,8/30/2020,0
HE Sep 2020,ICT20008,5,8/24/2020,0
HE Sep 2020,ICT20010,8,8/25/2020,0
HE Sep 2020,INF10021,18,8/27/2020,0
HE Sep 2020,ICT20006,16,8/27/2020,0
HE Sep 2020,ICT20011,3,8/28/2020,0
HE Sep 2020,ICT20006,15,9/2/2020,0
HE Sep 2020,ICT20007,21,8/22/2020,0
HE Sep 2020,ICT20006,6,9/2/2020,0
HE Sep 2020,MKT30009,25,8/28/2020,0
HE Sep 2020,MKT30009,10,8/23/2020,0
HE Sep 2020,ICT20006,32,8/30/2020,0
HE Sep 2020,ICT20011,25,8/24/2020,0
HE Sep 2020,INF30020,31,8/24/2020,0
HE Sep 2020,ICT20010,2,8/28/2020,0
HE Sep 2020,ICT20006,20,8/25/2020,0
HE Sep 2020,INF10021,3,8/29/2020,0
HE Sep 2020,INF30017,28,8/24/2020,0
HE Sep 2020,ICT20011,7,8/22/2020,0
HE Sep 2020,MKT30009,4,8/26/2020,0
HE Sep 2020,ICT20010,11,8/30/2020,0
HE Sep 2020,INF30016,18,8/24/2020,0
HE Sep 2020,INF10021,26,8/25/2020,0
HE Sep 2020,INF30019,9,8/26/2020,0
HE Sep 2020,ICT20008,18,8/25/2020,0
HE Sep 2020,INF30016,21,8/27/2020,0
HE Sep 2020,INF10021,8,8/22/2020,0
HE Sep 2020,INF30018,12,9/2/2020,0
HE Sep 2020,MKT30010,15,8/24/2020,0
HE Sep 2020,INF10021,10,8/31/2020,0
HE Sep 2020,INF30017,19,8/24/2020,0
HE Sep 2020,ICT20010,1,8/27/2020,0
HE Sep 2020,MKT30009,24,8/22/2020,0
HE Sep 2020,MKT30008,15,8/25/2020,0
HE Sep 2020,INF30016,4,8/22/2020,0
HE Sep 2020,INF10021,30,8/28/2020,0
HE Sep 2020,MKT30009,23,8/23/2020,0
HE Sep 2020,MKT30008,16,8/26/2020,0
HE Sep 2020,MKT30010,16,8/30/2020,0
HE Sep 2020,INF30020,20,9/2/2020,0
HE Sep 2020,INF30017,16,9/2/2020,0
HE Sep 2020,ICT20011,33,9/1/2020,0
HE Sep 2020,INF10021,2,8/31/2020,0
HE Sep 2020,MKT30010,12,8/23/2020,0
HE Sep 2020,ICT20008,35,8/29/2020,0
HE Sep 2020,ICT20007,24,8/26/2020,0
HE Sep 2020,MKT30008,25,8/26/2020,0
HE Sep 2020,ICT20010,27,9/1/2020,0
HE Sep 2020,ICT20007,1,8/28/2020,0
HE Sep 2020,ICT20008,32,8/30/2020,0
HE Sep 2020,ICT20008,9,8/30/2020,0
HE Sep 2020,ICT20011,32,8/27/2020,0
HE Sep 2020,ICT20011,21,9/2/2020,0
HE Sep 2020,INF30020,10,8/29/2020,0
HE Sep 2020,ICT20007,19,8/29/2020,0
HE Sep 2020,ICT20010,17,8/23/2020,0
HE Sep 2020,MKT30009,33,9/1/2020,0
HE Sep 2020,INF30020,33,8/28/2020,0
HE Sep 2020,INF10021,25,9/1/2020,0
HE Sep 2020,ICT20007,20,8/28/2020,0
HE Sep 2020,INF30019,2,8/30/2020,0
HE Sep 2020,ICT20010,33,8/26/2020,0
HE Sep 2020,ICT20007,9,8/28/2020,0
HE Sep 2020,MKT30010,28,8/30/2020,0
HE Sep 2020,INF30017,27,8/27/2020,0
HE Sep 2020,ICT20006,14,8/31/2020,0
HE Sep 2020,INF30018,11,8/26/2020,0
HE Sep 2020,MKT30010,29,8/23/2020,0
HE Sep 2020,MKT30009,18,8/23/2020,0
HE Sep 2020,MKT30008,29,8/28/2020,0
HE Sep 2020,INF30020,12,8/22/2020,0
HE Sep 2020,MKT30008,33,8/24/2020,0
HE Sep 2020,ICT20008,7,8/22/2020,0
HE Sep 2020,ICT20011,19,9/1/2020,0
HE Sep 2020,ICT20009,27,9/2/2020,0
HE Sep 2020,INF10021,1,8/22/2020,0
HE Sep 2020,INF30019,8,8/27/2020,0
HE Sep 2020,ICT20006,7,8/25/2020,0
HE Sep 2020,INF30019,10,8/24/2020,0
HE Sep 2020,ICT20006,21,8/24/2020,0
HE Sep 2020,ICT20009,33,8/24/2020,0
HE Sep 2020,INF30016,31,8/29/2020,0
HE Sep 2020,ICT20010,26,8/31/2020,0
HE Sep 2020,MKT30010,2,8/29/2020,0
HE Sep 2020,MKT30008,22,8/24/2020,0
HE Sep 2020,INF30018,19,8/25/2020,0
HE Sep 2020,ICT20008,26,8/25/2020,0
HE Sep 2020,INF30016,19,9/1/2020,0
HE Sep 2020,INF30019,32,9/1/2020,0
HE Sep 2020,ICT20008,1,9/2/2020,0
HE Sep 2020,MKT30010,9,8/23/2020,0
HE Sep 2020,ICT20009,3,8/27/2020,0
HE Sep 2020,ICT20011,10,8/29/2020,0
HE Sep 2020,INF30016,29,8/24/2020,0
HE Sep 2020,ICT20006,33,8/29/2020,0
HE Sep 2020,INF30017,9,9/2/2020,0
HE Sep 2020,INF30017,20,8/26/2020,0
HE Sep 2020,INF30018,8,8/24/2020,0
HE Sep 2020,INF30016,6,8/25/2020,0
HE Sep 2020,ICT20007,30,8/24/2020,0
HE Sep 2020,INF30018,6,8/26/2020,0
HE Sep 2020,MKT30008,11,9/1/2020,0
HE Sep 2020,INF30016,35,8/22/2020,0
HE Sep 2020,INF30019,34,8/28/2020,0
HE Sep 2020,ICT20010,20,8/27/2020,0
HE Sep 2020,INF30017,2,8/22/2020,0
HE Sep 2020,ICT20009,10,8/31/2020,0
HE Sep 2020,INF30018,32,8/25/2020,0
HE Sep 2020,ICT20006,11,8/27/2020,0
HE Sep 2020,INF10021,6,8/23/2020,0
HE Sep 2020,ICT20011,6,8/29/2020,0
HE Sep 2020,INF30018,3,8/26/2020,0
HE Sep 2020,MKT30008,27,8/22/2020,0
HE Sep 2020,ICT20009,16,8/28/2020,0
HE Sep 2020,INF30020,3,8/27/2020,0
HE Sep 2020,ICT20007,32,8/23/2020,0
HE Sep 2020,INF30020,27,8/24/2020,0
HE Sep 2020,INF30018,30,8/29/2020,0
HE Sep 2020,MKT30010,13,8/26/2020,0
HE Sep 2020,ICT20006,22,8/28/2020,0
HE Sep 2020,INF30016,3,9/1/2020,0
HE Sep 2020,ICT20009,20,8/23/2020,0
HE Sep 2020,MKT30009,35,8/29/2020,0
HE Sep 2020,INF30017,15,9/2/2020,0
HE Sep 2020,MKT30009,13,8/28/2020,0
HE Sep 2020,INF30020,14,8/29/2020,0
HE Sep 2020,ICT20010,18,8/22/2020,0
HE Sep 2020,INF10021,4,8/25/2020,0
HE Sep 2020,INF30016,34,8/23/2020,0
HE Sep 2020,ICT20008,33,9/2/2020,0
HE Sep 2020,ICT20008,31,8/26/2020,0
HE Sep 2020,ICT20009,7,8/29/2020,0
HE Sep 2020,MKT30010,11,8/23/2020,0
HE Sep 2020,INF30016,7,9/1/2020,0
HE Sep 2020,INF30016,25,8/30/2020,0
HE Sep 2020,INF30017,7,8/29/2020,0
HE Sep 2020,INF30016,20,8/26/2020,0
HE Sep 2020,ICT20006,23,9/1/2020,0
HE Sep 2020,INF30020,17,8/29/2020,0
HE Sep 2020,ICT20006,2,8/23/2020,0
HE Sep 2020,ICT20007,2,8/25/2020,0
HE Sep 2020,INF30016,8,9/1/2020,0
HE Sep 2020,MKT30009,16,8/26/2020,0
HE Sep 2020,INF10021,28,8/25/2020,0
HE Sep 2021,INF30020,22,8/28/2021,0
HE Sep 2021,MKT30009,19,8/24/2021,0
HE Sep 2021,MKT30008,24,8/29/2021,0
HE Sep 2021,ICT20006,13,8/27/2021,0
HE Sep 2021,ICT20011,20,8/23/2021,0
HE Sep 2021,ICT20006,19,8/23/2021,0
HE Sep 2021,ICT20007,1,9/1/2021,0
HE Sep 2021,ICT20006,12,8/23/2021,0
HE Sep 2021,INF30016,27,8/30/2021,0
HE Sep 2021,ICT20008,34,8/29/2021,0
HE Sep 2021,INF30019,6,8/26/2021,0
HE Sep 2021,MKT30010,17,8/22/2021,0
HE Sep 2021,ICT20011,1,8/31/2021,0
HE Sep 2021,INF30016,5,8/31/2021,0
HE Sep 2021,ICT20007,6,8/26/2021,0
HE Sep 2021,ICT20009,34,8/30/2021,0
HE Sep 2021,ICT20006,25,9/2/2021,0
HE Sep 2021,ICT20006,2,8/24/2021,0
HE Sep 2021,INF30020,28,8/22/2021,0
HE Sep 2021,MKT30009,30,8/31/2021,0
HE Sep 2021,ICT20010,10,8/22/2021,0
HE Sep 2021,ICT20007,10,8/23/2021,0
HE Sep 2021,INF30016,29,9/1/2021,0
HE Sep 2021,MKT30009,34,8/26/2021,0
HE Sep 2021,INF30019,3,8/28/2021,0
HE Sep 2021,INF30016,24,8/22/2021,0
HE Sep 2021,INF30019,33,8/27/2021,0
HE Sep 2021,INF10021,33,8/25/2021,0
HE Sep 2021,INF30018,15,8/29/2021,0
HE Sep 2021,INF30017,19,8/28/2021,0
HE Sep 2021,MKT30009,15,8/29/2021,0
HE Sep 2021,INF30020,16,8/24/2021,0
HE Sep 2021,ICT20007,9,8/27/2021,0
HE Sep 2021,INF30017,22,9/2/2021,0
HE Sep 2021,ICT20007,25,8/31/2021,0
HE Sep 2021,INF10021,34,8/31/2021,0
HE Sep 2021,ICT20011,7,8/28/2021,0
HE Sep 2021,INF30016,13,8/22/2021,0
HE Sep 2021,INF30018,33,8/27/2021,0
HE Sep 2021,ICT20006,35,8/31/2021,0
HE Sep 2021,ICT20008,32,8/23/2021,0
HE Sep 2021,INF30016,15,8/26/2021,0
HE Sep 2021,ICT20006,14,8/27/2021,0
HE Sep 2021,INF30016,30,8/28/2021,0
HE Sep 2021,INF30020,15,8/24/2021,0
HE Sep 2021,ICT20006,7,8/23/2021,0
HE Sep 2021,MKT30010,27,9/1/2021,0
HE Sep 2021,INF30016,3,8/26/2021,0
HE Sep 2021,MKT30008,32,8/27/2021,0
HE Sep 2021,ICT20011,35,9/2/2021,0
HE Sep 2021,ICT20009,21,8/22/2021,0
HE Sep 2021,INF10021,28,8/31/2021,0
HE Sep 2021,INF30018,13,8/31/2021,0
HE Sep 2021,INF30020,30,8/26/2021,0
HE Sep 2021,INF30018,24,8/23/2021,0
HE Sep 2021,INF30017,20,8/22/2021,0
HE Sep 2021,INF10021,3,9/2/2021,0
HE Sep 2021,ICT20010,9,9/1/2021,0
HE Sep 2021,ICT20006,1,8/24/2021,0
HE Sep 2021,MKT30010,29,8/25/2021,0
HE Sep 2021,MKT30010,6,8/26/2021,0
HE Sep 2021,ICT20007,2,8/23/2021,0
HE Sep 2021,ICT20007,27,8/31/2021,0
HE Sep 2021,ICT20006,21,8/28/2021,0
HE Sep 2021,INF30017,23,8/26/2021,0
HE Sep 2021,MKT30009,11,8/31/2021,0
HE Sep 2021,ICT20011,6,9/2/2021,0
HE Sep 2021,INF30019,31,8/30/2021,0
HE Sep 2021,INF30017,2,8/22/2021,0
HE Sep 2021,ICT20008,24,8/24/2021,0
HE Sep 2021,ICT20006,31,8/25/2021,0
HE Sep 2021,INF30020,35,8/28/2021,0
HE Sep 2021,MKT30008,28,8/24/2021,0
HE Sep 2021,MKT30010,16,9/2/2021,0
HE Sep 2021,ICT20008,5,8/25/2021,0
HE Sep 2021,INF30017,12,9/2/2021,0
HE Sep 2021,INF10021,5,8/31/2021,0
HE Sep 2021,INF10021,17,8/30/2021,0
HE Sep 2021,ICT20010,35,8/30/2021,0
HE Sep 2021,INF30017,11,8/22/2021,0
HE Sep 2021,INF10021,27,8/26/2021,0
HE Sep 2021,ICT20011,14,8/28/2021,0
HE Sep 2021,INF10021,31,8/29/2021,0
HE Sep 2021,ICT20007,30,8/27/2021,0
HE Sep 2021,ICT20010,26,8/27/2021,0
HE Sep 2021,MKT30008,16,9/1/2021,0
HE Sep 2021,INF10021,15,8/26/2021,0
HE Sep 2021,ICT20008,19,8/31/2021,0
HE Sep 2021,ICT20010,16,8/28/2021,0
HE Sep 2021,INF30019,2,8/30/2021,0
HE Sep 2021,INF30020,7,8/25/2021,0
HE Sep 2021,INF30017,32,8/27/2021,0
HE Sep 2021,INF30019,8,8/26/2021,0
HE Sep 2021,ICT20011,4,8/22/2021,0
HE Sep 2021,ICT20009,11,8/29/2021,0
HE Sep 2021,INF30016,14,8/31/2021,0
HE Sep 2021,INF30020,23,8/23/2021,0
HE Sep 2021,ICT20006,9,8/29/2021,0
HE Sep 2021,INF30017,16,9/1/2021,0
HE Sep 2021,INF30018,5,8/29/2021,0
HE Sep 2021,INF30019,29,8/27/2021,0
HE Sep 2021,ICT20011,27,8/30/2021,0
HE Sep 2021,ICT20006,3,8/27/2021,0
HE Sep 2021,MKT30010,24,8/26/2021,0
HE Sep 2021,INF30016,9,8/30/2021,0
HE Sep 2021,INF30016,1,8/29/2021,0
HE Sep 2021,INF10021,19,8/25/2021,0
HE Sep 2021,ICT20010,12,9/1/2021,0
HE Sep 2021,ICT20008,10,8/25/2021,0
HE Sep 2021,ICT20011,17,9/1/2021,0
HE Sep 2021,ICT20006,32,8/30/2021,0
HE Sep 2021,MKT30008,15,8/24/2021,0
HE Sep 2021,ICT20008,8,9/2/2021,0
HE Sep 2021,ICT20007,8,8/24/2021,0
HE Sep 2021,ICT20007,23,8/22/2021,0
HE Sep 2021,ICT20006,5,8/29/2021,0
HE Sep 2021,ICT20007,7,8/24/2021,0
HE Sep 2021,ICT20009,25,8/22/2021,0
HE Sep 2021,INF30016,32,8/26/2021,0
HE Sep 2021,ICT20010,22,8/30/2021,0
HE Sep 2021,INF30016,19,8/28/2021,0
HE Sep 2021,MKT30009,10,8/30/2021,0
HE Sep 2021,MKT30008,5,8/29/2021,0
HE Sep 2021,ICT20009,12,8/27/2021,0
HE Sep 2021,MKT30009,13,9/1/2021,0
HE Sep 2021,ICT20010,21,8/25/2021,0
HE Sep 2021,INF30018,17,9/2/2021,0
HE Sep 2021,ICT20006,4,8/31/2021,0
HE Sep 2021,INF30018,20,8/23/2021,0
HE Sep 2021,MKT30008,7,8/22/2021,0
HE Sep 2021,MKT30010,4,8/24/2021,0
HE Sep 2021,MKT30009,27,8/23/2021,0
HE Sep 2021,INF10021,24,9/2/2021,0
HE Sep 2021,ICT20009,16,8/26/2021,0
HE Sep 2021,ICT20008,20,8/22/2021,0
HE Sep 2021,ICT20008,16,8/24/2021,0
HE Sep 2021,MKT30008,17,8/26/2021,0
HE Sep 2021,MKT30010,13,8/23/2021,0
HE Sep 2021,ICT20009,13,8/23/2021,0
HE Sep 2021,INF30020,21,8/27/2021,0
HE Sep 2021,ICT20008,31,8/23/2021,0
HE Sep 2021,ICT20009,22,8/30/2021,0
HE Sep 2021,MKT30009,9,8/22/2021,0
HE Sep 2021,ICT20007,12,8/26/2021,0
HE Sep 2021,INF30017,3,8/23/2021,0
HE Sep 2021,ICT20009,24,8/23/2021,0
HE Sep 2021,MKT30008,13,8/22/2021,0
HE Sep 2021,INF30018,10,8/24/2021,0
HE Sep 2021,MKT30010,10,9/1/2021,0
HE Sep 2021,ICT20011,16,9/2/2021,0
HE Sep 2021,INF30017,9,8/28/2021,0
HE Sep 2021,ICT20009,9,8/30/2021,0
HE Sep 2021,MKT30008,2,8/30/2021,0
HE Sep 2021,ICT20008,4,8/25/2021,0
HE Sep 2021,ICT20009,23,8/25/2021,0
HE Sep 2021,ICT20007,16,8/26/2021,0
HE Sep 2021,ICT20010,15,9/2/2021,0
HE Sep 2021,ICT20006,11,8/22/2021,0
HE Sep 2021,INF30016,6,8/24/2021,0
HE Sep 2021,INF30017,21,8/27/2021,0
HE Sep 2021,ICT20010,23,8/26/2021,0
HE Sep 2021,ICT20010,4,8/22/2021,0
HE Sep 2021,INF30016,28,8/28/2021,0
HE Sep 2021,ICT20007,14,8/31/2021,0
HE Sep 2021,MKT30010,26,8/29/2021,0
HE Sep 2021,ICT20007,31,9/1/2021,0
HE Sep 2021,ICT20008,12,8/29/2021,0
HE Sep 2021,INF30017,34,8/24/2021,0
HE Sep 2021,ICT20006,29,8/27/2021,0
HE Sep 2021,ICT20007,33,8/22/2021,0
HE Sep 2022,ICT20007,5,8/23/2022,0
HE Sep 2022,ICT20009,11,8/22/2022,0
HE Sep 2022,ICT20008,1,9/2/2022,0
HE Sep 2022,ICT20009,5,8/25/2022,0
HE Sep 2022,ICT20008,8,8/25/2022,0
HE Sep 2022,INF30017,12,8/23/2022,0
HE Sep 2022,ICT20010,19,8/22/2022,0
HE Sep 2022,MKT30008,26,8/25/2022,0
HE Sep 2022,ICT20009,25,8/29/2022,0
HE Sep 2022,ICT20011,14,8/27/2022,0
HE Sep 2022,MKT30008,20,8/30/2022,0
HE Sep 2022,ICT20006,26,8/23/2022,0
HE Sep 2022,ICT20008,21,8/28/2022,0
HE Sep 2022,ICT20011,26,8/30/2022,0
HE Sep 2022,INF30016,9,8/26/2022,0
HE Sep 2022,MKT30010,5,8/25/2022,0
HE Sep 2022,MKT30009,32,8/24/2022,0
HE Sep 2022,ICT20007,18,8/29/2022,0
HE Sep 2022,ICT20008,18,8/26/2022,0
HE Sep 2022,INF30019,24,8/28/2022,0
HE Sep 2022,INF30018,27,8/29/2022,0
HE Sep 2022,ICT20009,13,8/31/2022,0
HE Sep 2022,INF30017,8,9/2/2022,0
HE Sep 2022,MKT30009,33,8/22/2022,0
HE Sep 2022,MKT30010,24,8/24/2022,0
HE Sep 2022,INF10021,5,9/1/2022,0
HE Sep 2022,ICT20011,33,8/27/2022,0
HE Sep 2022,ICT20011,1,8/27/2022,0
HE Sep 2022,INF30016,13,8/25/2022,0
HE Sep 2022,ICT20011,28,9/1/2022,0
HE Sep 2022,INF30019,26,8/31/2022,0
HE Sep 2022,ICT20010,7,8/29/2022,0
HE Sep 2022,INF30016,1,8/22/2022,0
HE Sep 2022,MKT30009,34,8/27/2022,0
HE Sep 2022,ICT20011,9,8/23/2022,0
HE Sep 2022,INF30020,21,8/24/2022,0
HE Sep 2022,ICT20008,6,8/24/2022,0
HE Sep 2022,ICT20009,7,8/27/2022,0
HE Sep 2022,MKT30010,13,9/2/2022,0
HE Sep 2022,ICT20010,15,9/2/2022,0
HE Sep 2022,INF10021,2,8/29/2022,0
HE Sep 2022,ICT20006,18,8/26/2022,0
HE Sep 2022,INF30016,26,8/26/2022,0
HE Sep 2022,INF30017,3,9/1/2022,0
HE Sep 2022,INF10021,17,9/2/2022,0
HE Sep 2022,ICT20008,14,8/25/2022,0
HE Sep 2022,INF30020,18,8/31/2022,0
HE Sep 2022,MKT30010,23,8/23/2022,0
HE Sep 2022,ICT20008,22,8/26/2022,0
HE Sep 2022,INF30019,9,8/25/2022,0
HE Sep 2022,INF30019,18,9/1/2022,0
HE Sep 2022,ICT20010,2,8/22/2022,0
HE Sep 2022,MKT30009,21,9/1/2022,0
HE Sep 2022,INF30018,14,8/26/2022,0
HE Sep 2022,INF30018,29,8/31/2022,0
HE Sep 2022,INF30020,2,8/23/2022,0
HE Sep 2022,ICT20008,20,8/26/2022,0
HE Sep 2022,INF30017,28,8/27/2022,0
HE Sep 2022,ICT20008,17,8/24/2022,0
HE Sep 2022,MKT30008,7,8/23/2022,0
HE Sep 2022,MKT30009,31,8/28/2022,0
HE Sep 2022,ICT20009,34,8/30/2022,0
HE Sep 2022,ICT20011,21,8/27/2022,0
HE Sep 2022,INF30018,13,8/31/2022,0
HE Sep 2022,MKT30008,6,8/25/2022,0
HE Sep 2022,INF10021,29,8/30/2022,0
HE Sep 2022,ICT20007,2,8/30/2022,0
HE Sep 2022,MKT30010,28,8/26/2022,0
HE Sep 2022,ICT20006,28,8/27/2022,0
HE Sep 2022,INF30018,22,8/28/2022,0
HE Sep 2022,ICT20006,1,8/30/2022,0
HE Sep 2022,INF30019,32,8/24/2022,0
HE Sep 2022,ICT20006,8,8/30/2022,0
HE Sep 2022,INF30016,4,8/23/2022,0
HE Sep 2022,ICT20010,27,9/1/2022,0
HE Sep 2022,ICT20011,12,8/22/2022,0
HE Sep 2022,MKT30008,33,9/1/2022,0
HE Sep 2022,INF30017,33,8/27/2022,0
HE Sep 2022,ICT20009,21,8/26/2022,0
HE Sep 2022,INF30020,23,8/27/2022,0
HE Sep 2022,INF30020,6,8/23/2022,0
HE Sep 2022,INF30019,8,9/1/2022,0
HE Sep 2022,INF30020,33,8/30/2022,0
HE Sep 2022,ICT20006,6,8/30/2022,0
HE Sep 2022,MKT30010,30,8/28/2022,0
HE Sep 2022,INF30020,9,9/1/2022,0
HE Sep 2022,INF30020,1,9/2/2022,0
HE Sep 2022,INF30018,24,8/31/2022,0
HE Sep 2022,MKT30009,24,8/24/2022,0
HE Sep 2022,ICT20006,2,9/1/2022,0
HE Sep 2022,ICT20008,4,8/29/2022,0
HE Sep 2022,INF10021,26,9/1/2022,0
HE Sep 2022,ICT20011,5,8/27/2022,0
HE Sep 2022,INF30016,29,8/31/2022,0
HE Sep 2022,ICT20009,35,8/27/2022,0
HE Sep 2022,MKT30008,14,9/2/2022,0
HE Sep 2022,INF30019,13,8/26/2022,0
HE Sep 2022,ICT20010,9,8/27/2022,0
HE Sep 2022,ICT20010,5,8/22/2022,0
HE Sep 2022,ICT20009,22,8/25/2022,0
HE Sep 2022,INF30017,30,8/26/2022,0
HE Sep 2022,ICT20009,19,9/2/2022,0
HE Sep 2022,INF30020,13,8/23/2022,0
HE Sep 2022,INF30016,27,8/24/2022,0
HE Sep 2022,MKT30010,15,8/31/2022,0
HE Sep 2022,INF10021,27,8/29/2022,0
HE Sep 2022,INF30018,32,8/30/2022,0
HE Sep 2022,INF30016,20,9/1/2022,0
HE Sep 2022,ICT20010,14,9/2/2022,0
HE Sep 2022,MKT30008,4,9/1/2022,0
HE Sep 2022,ICT20011,16,8/29/2022,0
HE Sep 2022,ICT20007,6,9/1/2022,0
HE Sep 2022,INF30020,14,8/24/2022,0
HE Sep 2022,ICT20011,30,8/22/2022,0
HE Sep 2022,INF30017,1,8/28/2022,0
HE Sep 2022,ICT20006,11,8/23/2022,0
HE Sep 2022,INF10021,20,9/2/2022,0
HE Sep 2022,INF10021,7,9/1/2022,0
HE Sep 2022,INF30017,11,9/2/2022,0
HE Sep 2022,INF30017,23,8/23/2022,0
HE Sep 2022,INF10021,16,9/1/2022,0
HE Sep 2022,INF30019,34,8/25/2022,0
HE Sep 2022,INF30016,32,9/1/2022,0
HE Sep 2022,ICT20009,31,8/27/2022,0
HE Sep 2022,INF30016,31,9/2/2022,0
HE Sep 2022,ICT20010,30,8/25/2022,0
HE Sep 2022,INF30020,7,8/24/2022,0
HE Sep 2022,MKT30008,11,8/24/2022,0
HE Sep 2022,ICT20009,33,8/22/2022,0
HE Sep 2022,ICT20010,23,8/24/2022,0
HE Sep 2022,ICT20010,11,8/23/2022,0
HE Sep 2022,INF30020,4,8/31/2022,0
HE Sep 2022,ICT20006,30,9/1/2022,0
HE Sep 2022,MKT30010,27,9/1/2022,0
HE Sep 2022,INF30018,21,9/2/2022,0
HE Sep 2022,MKT30010,21,8/22/2022,0
HE Sep 2022,MKT30010,8,8/31/2022,0
HE Sep 2022,ICT20011,11,8/24/2022,0
HE Sep 2022,MKT30010,18,8/24/2022,0
HE Sep 2022,INF30020,16,8/31/2022,0
HE Sep 2022,INF30018,17,8/29/2022,0
HE Sep 2022,INF30020,8,8/29/2022,0
HE Sep 2022,INF30016,14,8/25/2022,0
HE Sep 2022,ICT20010,18,9/2/2022,0
HE Sep 2022,ICT20009,15,8/24/2022,0
HE Sep 2022,MKT30008,32,8/24/2022,0
HE Sep 2022,MKT30009,3,8/31/2022,0
HE Sep 2022,INF30020,32,8/25/2022,0
HE Sep 2022,INF30020,35,8/26/2022,0
HE Sep 2022,INF10021,18,8/24/2022,0
HE Sep 2022,ICT20006,35,8/26/2022,0
HE Sep 2022,INF10021,25,9/2/2022,0
HE Sep 2022,INF30020,5,8/22/2022,0
HE Sep 2022,MKT30008,16,8/24/2022,0
HE Sep 2022,INF30018,33,8/26/2022,0
HE Sep 2022,INF30017,6,8/23/2022,0
HE Sep 2022,MKT30009,4,9/1/2022,0
HE Sep 2022,ICT20006,21,8/28/2022,0
HE Sep 2022,ICT20009,26,8/29/2022,0
HE Sep 2022,ICT20006,14,8/27/2022,0
HE Sep 2022,INF10021,33,8/31/2022,0
HE Sep 2022,ICT20006,16,8/27/2022,0
HE Sep 2022,ICT20008,26,8/24/2022,0
HE Sep 2022,ICT20011,29,8/22/2022,0
HE Sep 2022,INF10021,8,8/23/2022,0
HE Sep 2022,MKT30008,35,8/25/2022,0
HE Sep 2022,ICT20006,19,8/26/2022,0
HE Sep 2022,INF30020,31,8/30/2022,0
HE Sep 2022,INF30016,35,8/30/2022,0
HE Sep 2022,INF30019,29,9/2/2022,0
HE Sep 2022,MKT30008,27,8/24/2022,0
HE Sep 2022,MKT30009,5,9/1/2022,0
HE May 2023,INF10013,32,3/27/2023,0
